Date,Rot,VH,Team,1st,2nd,3rd,4th,Final,Open,Close,ML,2H
1022,501,V,NewOrleans,30,31,25,31,122,231.5,229.5,230,113
1022,502,H,Toronto,27,29,32,29,130,6.5,6.5,-280,6
1022,503,V,LALakers,25,29,31,17,102,227,3.5,-180,5
1022,504,H,LAClippers,22,40,23,27,112,1.5,224,150,110.5
1023,505,V,Detroit,27,27,29,36,119,210,211,240,104
1023,506,H,Indiana,24,31,31,24,110,5,7,-300,4.5
1023,507,V,Cleveland,24,17,24,20,85,212.5,211.5,400,108
1023,508,H,Orlando,28,27,16,23,94,7.5,9.5,-550,1
1023,509,V,Chicago,28,27,40,30,125,1.5,3.5,-170,4
1023,510,H,Charlotte,37,26,33,30,126,218.5,216.5,145,112
1023,511,V,Boston,25,23,20,25,93,215,214.5,190,110.5
1023,512,H,Philadelphia,20,29,28,30,107,6,5.5,-240,3.5
1023,513,V,Memphis,32,28,24,17,101,210.5,213,240,104.5
1023,514,H,Miami,24,30,29,37,120,7.5,6.5,-300,4.5
1023,515,V,Minnesota,33,35,20,27,127,225.5,229,142,112.5
1023,516,H,Brooklyn,22,34,37,22,126,5,3.5,-165,5
1023,517,V,NewYork,15,36,33,27,111,214,214.5,525,104.5
1023,518,H,SanAntonio,22,37,24,37,120,9.5,11,-750,3.5
1023,519,V,Washington,25,23,20,32,100,223,220,350,105.5
1023,520,H,Dallas,24,38,29,17,108,8.5,9,-450,1
1023,521,V,OklahomaCity,12,34,28,21,95,222,221.5,375,107
1023,522,H,Utah,23,26,19,32,100,9.5,9,-500,4.5
1023,523,V,Sacramento,29,30,17,19,95,2.5,1,-115,114
1023,524,H,Phoenix,25,29,32,38,124,233,232.5,-105,2
1023,525,V,Denver,24,30,19,35,108,219.5,1.5,-120,106
1023,526,H,Portland,27,23,24,26,100,2.5,217.5,100,1
1024,527,V,Atlanta,38,22,31,26,117,222,221.5,105,110
1024,528,H,Detroit,32,31,18,19,100,1.5,1.5,-125,pk
1024,529,V,Milwaukee,23,27,28,39,117,231.5,231,100,4.5
1024,530,H,Houston,30,36,21,24,111,2,1.5,-120,117.5
1024,531,V,LAClippers,35,30,46,30,141,225,229.5,-110,110.5
1024,532,H,GoldenState,29,25,33,35,122,pk,pk,-110,2
1025,533,V,Toronto,21,28,33,24,106,217.5,213,120,104.5
1025,534,H,Boston,22,28,26,36,112,3,2.5,-140,1
1025,535,V,Minnesota,30,28,45,18,121,4,5,-220,2.5
1025,536,H,Charlotte,32,24,25,18,99,229,225,180,109.5
1025,537,V,NewYork,23,28,32,26,109,225.5,228,280,110
1025,538,H,Brooklyn,32,32,30,19,113,8.5,8,-360,1
1025,539,V,Washington,28,24,26,19,97,218.5,218,300,106.5
1025,540,H,OklahomaCity,24,22,24,15,85,6.5,8.5,-400,8
1025,541,V,Dallas,27,45,23,28,123,228,227,110,111.5
1025,542,H,NewOrleans,41,23,29,23,116,2,2,-130,3.5
1025,543,V,Chicago,25,22,32,31,110,220.5,2,-125,5.5
1025,544,H,Memphis,29,31,21,21,102,1,224,105,116
1025,545,V,Phoenix,21,24,17,33,107,221,219.5,650,111.5
1025,546,H,Denver,15,24,25,31,108,11.5,12,-1000,10.5
1025,547,V,Portland,25,32,37,28,122,226.5,1,-120,1.5
1025,548,H,Sacramento,27,30,27,28,112,1,227.5,100,117.5
1025,549,V,Utah,17,20,18,31,86,218,215.5,140,109.5
1025,550,H,LALakers,24,19,31,21,95,2,3.5,-160,pk
1026,551,V,Miami,29,24,29,39,131,226.5,223,550,107.5
1026,552,H,Milwaukee,33,37,23,28,126,9.5,11.5,-800,2
1026,553,V,Philadelphia,28,26,29,34,117,5,4.5,-190,4.5
1026,554,H,Detroit,29,28,26,28,111,214,213,160,103
1026,555,V,Boston,22,24,36,36,118,210,5.5,-240,5.5
1026,556,H,NewYork,24,27,25,19,95,1,218.5,190,112
1026,557,V,Orlando,26,24,25,24,99,219,2.5,-135,1
1026,558,H,Atlanta,23,29,25,26,103,pk,216.5,115,105.5
1026,559,V,Indiana,28,20,26,25,99,5.5,4.5,-190,7
1026,560,H,Cleveland,26,39,25,20,110,213.5,213,160,103.5
1026,561,V,Toronto,24,24,36,24,108,3.5,3,-155,105
1026,562,H,Chicago,23,17,22,22,84,223,219.5,135,1
1026,563,V,NewOrleans,24,37,39,23,123,236,238.5,650,116.5
1026,564,H,Houston,29,32,36,29,126,10,12,-1000,8
1026,565,V,Washington,26,34,30,32,122,218,219.5,650,107.5
1026,566,H,SanAntonio,30,30,32,32,124,12,11.5,-1000,7
1026,567,V,Sacramento,25,16,17,23,81,220,221.5,350,2
1026,568,H,Utah,35,31,27,20,113,9.5,9,-450,107.5
1026,569,V,LAClippers,20,35,30,37,122,8.5,10,-550,7.5
1026,570,H,Phoenix,26,29,36,39,130,229.5,225.5,400,110
1027,501,V,GoldenState,20,17,31,24,92,1.5,224,100,6
1027,502,H,OklahomaCity,35,35,35,15,120,223.5,1,-120,109
1027,503,V,Brooklyn,29,28,40,23,133,4,4,-180,4
1027,504,H,Memphis,35,24,33,28,134,224,224,150,115.5
1027,505,V,Miami,23,34,27,25,109,223.5,224,240,109.5
1027,506,H,Minnesota,36,19,22,39,116,6,7,-300,5.5
1027,507,V,Portland,25,34,36,26,121,222,219,125,2
1027,508,H,Dallas,40,31,24,24,119,1.5,2.5,-145,113
1027,509,V,Charlotte,28,34,18,21,101,216,216.5,800,107
1027,510,H,LALakers,30,33,24,33,120,14,13,-1400,8.5
1028,511,V,Indiana,25,28,18,23,94,1,2,-130,2.5
1028,512,H,Detroit,33,26,19,18,96,213.5,213,110,103.5
1028,513,V,Chicago,33,19,28,18,98,224,2,-135,116
1028,514,H,NewYork,15,27,30,33,105,pk,224,115,3.5
1028,515,V,Philadelphia,31,32,19,23,105,4,6.5,-280,5.5
1028,516,H,Atlanta,40,25,18,20,103,223,221,230,107
1028,517,V,Orlando,22,24,21,28,95,212.5,209,175,101.5
1028,518,H,Toronto,31,20,27,26,104,5,5,-210,1.5
1028,519,V,GoldenState,27,45,31,31,134,239,235.5,120,114.5
1028,520,H,NewOrleans,23,32,24,44,123,2.5,2.5,-140,5.5
1028,521,V,Cleveland,31,21,28,32,112,222,224.5,1200,115
1028,522,H,Milwaukee,30,29,32,38,129,14.5,15.5,-3000,6.5
1028,523,V,OklahomaCity,35,27,18,32,112,225,228,425,111.5
1028,524,H,Houston,22,30,39,25,116,10.5,10,-600,9
1028,525,V,Portland,33,18,20,39,110,220,223,200,116
1028,526,H,SanAntonio,19,26,37,31,113,3.5,6,-250,7
1028,527,V,Utah,28,18,24,26,96,4,5,-190,1
1028,528,H,Phoenix,21,18,31,25,95,217.5,213.5,160,110
1028,529,V,Denver,21,26,30,24,101,5,5.5,-220,4.5
1028,530,H,Sacramento,28,25,17,24,94,218,218,180,106
1028,531,V,Charlotte,28,26,20,22,96,225.5,228,1200,111.5
1028,532,H,LAClippers,29,28,29,25,111,15,15.5,-3000,9
1029,533,V,Atlanta,26,23,21,27,97,224.5,223,300,106.5
1029,534,H,Miami,29,30,29,24,112,7,8.5,-400,3
1029,535,V,Dallas,27,33,23,26,109,216,212.5,185,103
1029,536,H,Denver,31,30,27,18,106,6,5.5,-230,3
1029,537,V,Memphis,32,15,20,24,91,220,215,575,109
1029,538,H,LALakers,27,22,39,32,120,12,11.5,-850,7
1030,539,V,NewYork,25,19,23,16,83,208,209.5,375,101.5
1030,540,H,Orlando,22,20,30,23,95,7.5,9.5,-500,7.5
1030,541,V,Minnesota,24,19,35,17,95,227,222.5,250,2.5
1030,542,H,Philadelphia,32,30,30,25,117,7,7,-310,106
1030,543,V,Chicago,26,27,29,29,111,1,2,-130,1
1030,544,H,Cleveland,25,25,30,37,117,216.5,216.5,110,111.5
1030,545,V,Detroit,28,30,27,28,113,211.5,214,375,105
1030,546,H,Toronto,37,27,37,24,125,8,9.5,-500,3.5
1030,547,V,Indiana,31,29,30,28,118,220.5,220.5,130,108
1030,548,H,Brooklyn,31,32,20,25,108,3,3,-150,1.5
1030,549,V,Milwaukee,34,24,18,29,105,2.5,3.5,-165,115.5
1030,550,H,Boston,19,23,38,36,116,222,224,142,3
1030,551,V,Houston,35,41,35,48,159,8.5,8,-350,6
1030,552,H,Washington,34,43,40,41,158,230.5,234,275,114.5
1030,553,V,Portland,24,25,19,34,102,1,1.5,-120,115.5
1030,554,H,OklahomaCity,17,27,25,30,99,223,221.5,100,pk
1030,555,V,Charlotte,30,31,32,25,118,224,223.5,275,109
1030,556,H,Sacramento,33,33,18,27,111,7,7.5,-350,3
1030,557,V,LAClippers,23,28,20,25,96,216,216.5,230,106
1030,558,H,Utah,33,19,38,20,110,1.5,7,-280,5
1030,559,V,Phoenix,43,29,23,26,121,229.5,230.5,185,117.5
1030,560,H,GoldenState,14,32,21,43,110,6,5.5,-230,8.5
1031,561,V,Miami,30,22,33,21,106,6,6.5,-270,2
1031,562,H,Atlanta,26,20,29,22,97,216.5,215.5,220,104.5
1031,563,V,Denver,30,22,23,32,107,4.5,4,-180,4.5
1031,564,H,NewOrleans,32,24,30,36,122,226,223.5,150,109.5
1031,565,V,SanAntonio,24,24,27,22,97,225.5,229,170,117.5
1031,566,H,LAClippers,23,27,30,23,103,5,5,-200,2.5
1101,567,V,Houston,33,26,24,33,116,3.5,4.5,-190,4
1101,568,H,Brooklyn,24,37,34,28,123,241,244,160,119.5
1101,569,V,Milwaukee,31,31,26,35,123,5,4.5,-190,109.5
1101,570,H,Orlando,27,14,30,20,91,216,215,160,3
1101,571,V,Cleveland,26,11,24,34,95,211,215,260,110.5
1101,572,H,Indiana,19,23,26,34,102,7.5,7.5,-330,2.5
1101,573,V,NewYork,23,27,24,28,102,213,212,500,104.5
1101,574,H,Boston,22,27,26,29,104,10,10.5,-700,6.5
1101,575,V,Detroit,23,29,28,26,106,218.5,216,142,105
1101,576,H,Chicago,30,27,29,26,112,2.5,3.5,-165,1
1101,577,V,LALakers,20,28,28,27,119,2,1.5,-125,3.5
1101,578,H,Dallas,25,33,27,18,110,214.5,217,105,106.5
1101,579,V,Utah,18,30,32,21,101,5.5,5,-210,5.5
1101,580,H,Sacramento,28,23,30,21,102,214,214,175,110
1101,581,V,SanAntonio,29,28,40,30,127,4.5,7,-300,4.5
1101,582,H,GoldenState,28,27,31,24,110,225,223,240,113.5
1102,501,V,NewOrleans,26,34,26,18,104,226.5,228,110,1
1102,502,H,OklahomaCity,33,32,29,21,115,2.5,2,-130,112
1102,503,V,Brooklyn,26,28,18,37,109,1,4,-180,113.5
1102,504,H,Detroit,33,13,32,35,113,224,222.5,150,pk
1102,505,V,Denver,17,23,29,22,91,5,4,-180,4.5
1102,506,H,Orlando,26,19,18,24,87,204.5,199.5,150,97
1102,507,V,Phoenix,31,14,37,32,114,223.5,3,-150,3.5
1102,508,H,Memphis,24,23,22,36,105,pk,221.5,130,113.5
1102,509,V,Minnesota,42,28,36,25,131,221.5,229.5,130,111.5
1102,510,H,Washington,34,22,16,37,109,1,3,-150,6
1102,511,V,Toronto,17,33,40,15,105,226,226.5,210,1.5
1102,512,H,Milwaukee,36,30,29,20,115,5,6,-260,110.5
1102,513,V,Charlotte,25,25,18,25,93,225.5,6,-255,6.5
1102,514,H,GoldenState,30,25,16,16,87,1,221,205,108.5
1102,515,V,Philadelphia,27,30,35,37,129,217.5,223.5,-105,3
1102,516,H,Portland,32,36,34,26,128,3,1,-115,109.5
1103,517,V,Chicago,18,24,32,21,95,214,217,110,3
1103,518,H,Indiana,24,31,31,22,108,3.5,2,-130,112.5
1103,519,V,Houston,14,32,25,29,100,3,3,-155,9
1103,520,H,Miami,46,25,28,30,129,234,233.5,135,114.5
1103,521,V,Sacramento,32,29,29,23,113,217.5,1,-115,103.5
1103,522,H,NewYork,23,18,23,28,92,1,213.5,-105,5
1103,523,V,LALakers,26,30,21,26,103,216,1,-120,105.5
1103,524,H,SanAntonio,25,18,29,24,96,pk,217.5,100,3
1103,525,V,Dallas,31,27,32,41,131,5,5.5,-220,2.5
1103,526,H,Cleveland,28,25,33,25,111,216,218.5,180,105.5
1103,527,V,Utah,20,21,28,25,94,211,214,170,109.5
1103,528,H,LAClippers,16,23,26,40,105,4.5,4.5,-200,4.5
1104,529,V,Detroit,30,31,17,21,99,225,225.5,150,110
1104,530,H,Washington,31,32,30,22,115,2,4,-180,2
1104,531,V,NewOrleans,27,23,48,27,125,238,238.5,145,3.5
1104,532,H,Brooklyn,33,34,37,31,135,3.5,3.5,-170,116
1104,533,V,Milwaukee,31,33,38,32,134,7,7.5,-330,3
1104,534,H,Minnesota,27,30,25,24,106,230.5,229.5,260,118.5
1104,535,V,Houston,33,29,22,23,107,7,5.5,-240,3.5
1104,536,H,Memphis,28,32,16,24,100,235,230,190,112
1104,537,V,Philadelphia,31,30,21,27,109,2,224,-110,108
1104,538,H,Phoenix,29,26,26,33,114,223,pk,-110,2
1104,539,V,Portland,32,31,20,35,118,9.5,12,-900,7.5
1104,540,H,GoldenState,34,26,27,40,127,224.5,220,600,13
1105,541,V,Boston,32,29,28,30,119,6,6,-260,0.5
1105,542,H,Cleveland,24,28,31,30,113,213.5,215.5,210,111.5
1105,543,V,Indiana,35,29,28,21,120,2.5,2.5,-135,104
1105,544,H,Charlotte,20,37,21,35,122,211.5,212.5,115,0.5
1105,545,V,SanAntonio,21,24,33,22,100,3.5,5.5,-240,3
1105,546,H,Atlanta,22,22,26,38,108,218,222.5,190,114.5
1105,547,V,Orlando,26,27,26,15,94,202.5,201,125,98
1105,548,H,OklahomaCity,31,27,23,21,102,2.5,2.5,-145,0.5
1105,549,V,LALakers,24,24,32,38,118,6.5,7,-310,9.5
1105,550,H,Chicago,29,36,28,19,112,212,215.5,250,105.5
1105,551,V,Miami,28,20,21,20,89,209,211,180,0.5
1105,552,H,Denver,29,29,31,20,109,4.5,5,-220,102.5
1106,553,V,NewYork,25,34,26,17,102,211,206,142,102
1106,554,H,Detroit,33,31,32,26,122,2.5,3.5,-165,0.5
1106,555,V,Washington,26,36,18,26,106,220.5,227,130,1
1106,556,H,Indiana,26,44,24,27,121,2.5,3,-150,110.5
1106,557,V,Sacramento,23,35,30,32,120,218,219,275,107.5
1106,558,H,Toronto,36,30,29,29,124,8,8,-350,2.5
1106,559,V,GoldenState,29,23,31,29,112,232,229,1100,110.5
1106,560,H,Houston,30,33,35,31,129,15,16,-2500,6
1106,561,V,Chicago,33,23,35,22,113,219,221.5,-110,114
1106,562,H,Atlanta,19,22,24,28,93,2,pk,-110,5
1106,563,V,Minnesota,26,38,32,25,121,5.5,3.5,-170,4.5
1106,564,H,Memphis,37,35,29,36,137,224.5,224.5,145,108.5
1106,565,V,Orlando,28,28,23,27,106,207,207.5,250,101.5
1106,566,H,Dallas,25,29,32,21,107,6.5,7,-310,6.5
1106,567,V,Philadelphia,29,27,17,31,104,212,209,130,106
1106,568,H,Utah,26,32,26,22,106,2,3,-150,2.5
1106,569,V,Milwaukee,28,42,28,31,129,229.5,6.5,-270,118
1106,570,H,LAClippers,30,29,30,35,124,2,228.5,220,pk
1107,571,V,Boston,30,22,33,23,108,6,7,-310,1.5
1107,572,H,Charlotte,20,23,24,20,87,219,214.5,250,110.5
1107,573,V,OklahomaCity,30,27,27,28,112,214.5,211.5,170,103.5
1107,574,H,SanAntonio,33,23,36,29,121,5,5,-200,4
1107,575,V,Miami,31,33,29,31,124,216,220,110,107.5
1107,576,H,Phoenix,30,27,29,22,108,pk,2,-130,2.5
1107,577,V,Portland,22,18,36,25,101,224.5,231,190,118
1107,578,H,LAClippers,26,21,23,37,107,5.5,5.5,-240,1
1108,501,V,Detroit,35,18,19,34,106,210,210,210,101
1108,502,H,Indiana,27,30,28,27,112,7.5,6,-260,2.5
1108,503,V,Cleveland,30,37,21,25,113,227,233,160,119.5
1108,504,H,Washington,26,26,32,16,100,4.5,4.5,-190,7.5
1108,505,V,Memphis,15,33,30,8,86,208,208.5,260,107.5
1108,506,H,Orlando,27,24,33,34,118,6,7.5,-330,4
1108,507,V,Sacramento,31,32,28,30,121,220.5,3,-150,109
1108,508,H,Atlanta,24,23,36,26,109,1,225.5,130,2.5
1108,509,V,GoldenState,31,30,25,24,119,230,228.5,525,111.5
1108,510,H,Minnesota,29,31,20,30,125,11,11.5,-750,8
1108,511,V,Toronto,30,45,22,25,122,2,2.5,-135,110.5
1108,512,H,NewOrleans,30,23,22,29,104,233,232.5,115,4.5
1108,513,V,NewYork,36,25,23,22,106,217,215.5,500,105
1108,514,H,Dallas,28,29,23,22,102,11,11,-700,9
1108,515,V,Milwaukee,16,19,39,26,100,216,2,-135,7.5
1108,516,H,Utah,30,25,26,22,103,pk,217.5,115,112
1108,517,V,Philadelphia,24,33,27,13,97,210,211.5,180,109
1108,518,H,Denver,18,24,23,35,100,5.5,5,-220,7
1108,519,V,Brooklyn,26,28,35,30,119,233,239.5,145,124.5
1108,520,H,Portland,20,29,37,29,115,2.5,3.5,-170,3
1108,521,V,Miami,21,25,20,14,80,215.5,218,325,107.5
1108,522,H,LALakers,28,20,30,17,95,8,8.5,-425,5.5
1109,523,V,Boston,39,33,32,31,135,216.5,218.5,105,113.5
1109,524,H,SanAntonio,30,24,37,24,115,2,1.5,-125,6.5
1109,525,V,NewOrleans,33,22,26,34,115,1.5,1.5,-125,3
1109,526,H,Charlotte,28,33,25,24,110,231.5,232,105,115
1109,527,V,GoldenState,27,16,41,24,108,220,216,600,104
1109,528,H,OklahomaCity,36,24,24,30,114,11,12.5,-900,2
1109,529,V,Dallas,31,37,36,34,138,4,5.5,-240,1.5
1109,530,H,Memphis,34,28,29,31,122,220,222,190,108
1109,531,V,Houston,20,30,36,31,117,5.5,6.5,-275,5
1109,532,H,Chicago,27,22,18,27,94,233.5,234,225,113.5
1110,33,V,Denver,27,22,27,14,100,1,4,-180,4
1110,534,H,Minnesota,27,24,13,26,98,217,219,150,106.5
1110,535,V,Indiana,29,22,30,28,109,203,202.5,170,99
1110,536,H,Orlando,33,27,17,25,102,1,4.5,-200,pk
1110,537,V,Charlotte,24,34,23,25,106,215,213.5,750,105.5
1110,538,H,Philadelphia,33,20,35,26,114,13.5,14,-1200,11.5
1110,539,V,Milwaukee,21,29,37,34,121,7,9,-425,9
1110,540,H,OklahomaCity,24,32,24,39,119,222.5,219.5,325,113.5
1110,541,V,Cleveland,31,23,24,30,108,210.5,213,110,109.5
1110,542,H,NewYork,19,17,27,24,87,2,2,-130,6
1110,543,V,Brooklyn,30,20,30,32,112,233,231.5,130,4
1110,544,H,Phoenix,37,31,38,32,138,pk,3,-150,118.5
1110,545,V,Atlanta,21,23,31,32,113,227.5,226,325,110.5
1110,546,H,Portland,20,26,29,32,124,8.5,9,-425,5.5
1110,547,V,Toronto,29,23,26,35,113,215.5,210.5,450,103
1110,548,H,LALakers,30,30,18,26,104,9.5,10.5,-650,3.5
1111,549,V,Minnesota,41,25,26,28,120,224.5,223.5,155,109
1111,550,H,Detroit,26,25,30,33,114,1,4,-185,7
1111,551,V,Dallas,21,33,25,27,106,219.5,220,125,107.5
1111,552,H,Boston,25,29,30,32,116,3,3,-145,2
1111,553,V,Memphis,35,22,34,22,113,224,224,450,111
1111,554,H,SanAntonio,22,32,26,29,109,10.5,10.5,-650,9
1111,555,V,Houston,30,28,32,32,122,4,7.5,-350,2.5
1111,556,H,NewOrleans,23,29,30,34,116,243,242.5,275,118
1111,557,V,Utah,34,35,28,25,122,10,8,-400,108.5
1111,558,H,GoldenState,30,24,31,23,108,211.5,211.5,300,pk
1111,559,V,Toronto,23,23,32,10,88,222.5,221.5,375,107
1111,560,H,LAClippers,15,36,22,25,98,10.5,10,-500,4
1112,561,V,Cleveland,21,27,30,19,97,214.5,220.5,525,112.5
1112,562,H,Philadelphia,24,30,28,16,98,12,11,-750,5
1112,563,V,OklahomaCity,25,17,20,23,85,209.5,212.5,100,3
1112,564,H,Indiana,31,21,34,25,111,3,1.5,-120,104
1112,565,V,Detroit,17,20,35,36,108,216.5,215,300,1.5
1112,566,H,Miami,28,31,33,25,117,7,8.5,-400,103
1112,567,V,NewYork,22,32,31,17,102,213,212,225,104
1112,568,H,Chicago,30,30,25,35,120,6,6.5,-275,2
1112,569,V,LALakers,26,34,35,28,123,2,3.5,-165,2.5
1112,570,H,Phoenix,29,29,34,23,115,216.5,221,142,107
1112,571,V,Atlanta,25,38,35,27,125,214.5,209.5,450,104.5
1112,572,H,Denver,34,20,35,32,121,11,10.5,-650,10
1112,573,V,Brooklyn,35,33,24,22,114,217,220,240,114
1112,574,H,Utah,29,24,31,35,119,6.5,7,-300,8
1112,575,V,Portland,24,25,21,29,99,227,1.5,-125,116
1112,576,H,Sacramento,21,25,35,26,107,pk,222.5,105,pk
1113,577,V,Philadelphia,30,23,29,15,97,1.5,207.5,110,107
1113,578,H,Orlando,31,22,27,32,112,205.5,2,-130,1.5
1113,579,V,Memphis,26,37,31,25,119,220,221,120,114
1113,580,H,Charlotte,29,35,32,21,117,1.5,2.5,-140,1
1113,581,V,LAClippers,15,22,31,25,93,233,233.5,115,3
1113,582,H,Houston,31,18,25,28,102,2,2,-135,112.5
1113,583,V,Washington,34,32,30,37,133,228,230,250,113.5
1113,584,H,Boston,34,34,34,38,140,10,7,-310,4.5
1113,585,V,SanAntonio,24,35,36,19,114,227.5,228.5,100,1.5
1113,586,H,Minnesota,26,40,40,23,129,1,1.5,-120,118
1113,587,V,Toronto,23,31,33,27,114,221,218.5,140,107
1113,588,H,Portland,30,23,25,28,106,3,3.5,-160,2.5
1113,589,V,GoldenState,26,29,27,12,94,216,219,350,107.5
1113,590,H,LALakers,38,29,31,22,120,10.5,9,-450,2
1114,501,V,Miami,34,34,26,14,108,4.5,4.5,-200,104
1114,502,H,Cleveland,22,22,30,23,97,216,215,170,3.5
1114,503,V,Chicago,32,34,20,29,115,230,228.5,550,118.5
1114,504,H,Milwaukee,30,35,32,27,124,11.5,11.5,-800,8
1114,505,V,Dallas,23,30,34,16,103,6.5,8,-340,7.5
1114,506,H,NewYork,27,31,29,19,106,216.5,214.5,270,105
1114,507,V,LAClippers,35,24,38,30,127,1,4,-190,5.5
1114,508,H,NewOrleans,34,38,24,36,132,236.5,233,160,114
1114,509,V,Atlanta,33,28,29,22,112,227.5,229.5,270,112
1114,510,H,Phoenix,31,36,37,24,128,6,8,-340,3
1114,511,V,Brooklyn,35,26,18,14,93,225.5,222.5,275,115
1114,512,H,Denver,28,21,30,22,101,7.5,7.5,-350,8.5
1115,513,V,Detroit,35,30,18,23,106,3,4,-180,107
1115,514,H,Charlotte,25,26,32,26,109,219,220.5,150,2
1115,515,V,SanAntonio,31,25,26,27,109,212.5,211,125,109
1115,516,H,Orlando,24,23,32,32,111,1,2.5,-145,4
1115,517,V,Washington,39,37,26,35,137,238,239.5,200,116.5
1115,518,H,Minnesota,30,43,19,24,116,7,6,-250,5.5
1115,519,V,Indiana,22,27,30,23,102,226,226.5,210,108.5
1115,520,H,Houston,26,28,26,31,111,5,6,-260,2
1115,521,V,Philadelphia,29,20,34,24,119,3.5,3.5,-160,4
1115,522,H,OklahomaCity,24,30,26,27,127,214,214.5,140,110
1115,523,V,Utah,26,22,31,27,106,7.5,8,-350,7.5
1115,524,H,Memphis,23,30,24,30,107,215,215,275,110.5
1115,525,V,Boston,23,29,24,29,105,7.5,7,-310,5
1115,526,H,GoldenState,32,19,20,29,100,225.5,223,250,114
1115,527,V,Sacramento,30,20,21,26,97,218.5,214,425,104
1115,528,H,LALakers,20,29,25,25,99,10.5,10.5,-600,8
1116,529,V,Brooklyn,30,20,24,43,117,231.5,225,150,115.5
1116,530,H,Chicago,19,37,22,33,111,1,4,-180,pk
1116,531,V,Milwaukee,26,23,22,31,102,5,7.5,-330,112
1116,532,H,Indiana,22,14,27,20,83,227.5,220,260,pk
1116,533,V,Charlotte,20,27,28,28,103,211.5,213,150,102.5
1116,534,H,NewYork,23,32,21,26,102,4,4,-180,pk
1116,535,V,Houston,31,33,29,32,125,1,231.5,115,112.5
1116,536,H,Minnesota,30,32,23,20,105,236,2,-135,1.5
1116,537,V,NewOrleans,22,27,16,29,94,231,226.5,260,109.5
1116,538,H,Miami,29,25,24,31,109,6.5,8,-330,3
1116,539,V,Toronto,22,38,17,25,102,218.5,218,155,107.5
1116,540,H,Dallas,32,21,25,32,110,3,4.5,-185,4.5
1116,541,V,Portland,41,25,24,31,121,227,226,110,116.5
1116,542,H,SanAntonio,23,35,38,20,116,2.5,1.5,-130,3.5
1116,543,V,Atlanta,30,32,20,19,101,227.5,224,375,109
1116,544,H,LAClippers,43,31,38,38,150,13,9,-500,1
1117,545,V,Philadelphia,33,35,27,19,114,7,7.5,-310,110.5
1117,546,H,Cleveland,22,22,25,26,95,215.5,216,250,2
1117,547,V,Boston,18,28,29,24,99,3.5,2.5,-145,2
1117,548,H,Sacramento,30,20,21,29,100,217.5,215,125,110.5
1117,549,V,Denver,28,44,36,23,131,7,6.5,-275,104
1117,550,H,Memphis,32,17,31,34,114,212,215,225,3
1117,551,V,Washington,22,30,25,44,121,222,226,190,111.5
1117,552,H,Orlando,29,32,27,37,125,6.5,5.5,-240,0.5
1117,553,V,GoldenState,23,26,20,31,100,231,226.5,140,110
1117,554,H,NewOrleans,26,29,21,32,108,4.5,3.5,-160,pk
1117,555,V,Atlanta,24,17,36,24,101,218.5,220.5,900,106.5
1117,556,H,LALakers,36,33,27,26,122,14,14.5,-1600,1.5
1118,557,V,Cleveland,20,31,20,34,105,208.5,210,190,1
1118,558,H,NewYork,32,32,30,29,123,3,5.5,-240,108.5
1118,559,V,Indiana,18,41,25,31,115,221,214,120,102.5
1118,560,H,Brooklyn,18,17,33,18,86,4,2.5,-140,6
1118,561,V,Charlotte,25,31,18,22,96,215.5,214.5,300,103.5
1118,562,H,Toronto,26,34,32,40,132,9.5,8.5,-400,3.5
1118,563,V,Milwaukee,29,31,24,31,115,6,8.5,-400,4.5
1118,564,H,Chicago,26,30,25,20,101,230,231,300,118.5
1118,565,V,Portland,30,20,26,32,108,231.5,231,250,0.5
1118,566,H,Houston,29,35,35,33,132,6.5,7,-310,119
1118,567,V,SanAntonio,22,27,30,31,110,226.5,224,170,0.5
1118,568,H,Dallas,36,23,34,24,117,4.5,5,-200,114
1118,569,V,Minnesota,36,23,17,36,112,217.5,219.5,375,107.5
1118,570,H,Utah,32,24,22,24,102,9.5,9.5,-500,7.5
1118,571,V,Boston,26,31,23,19,99,227.5,226,115,114.5
1118,572,H,Phoenix,22,20,23,20,85,3.5,2.5,-135,5.5
1118,573,V,OklahomaCity,17,30,17,24,88,219.5,221.5,300,109
1118,574,H,LAClippers,23,19,24,24,90,9.5,7.5,-400,7
1119,575,V,Portland,28,26,25,25,104,3,231.5,140,119
1119,576,H,NewOrleans,27,26,35,27,115,231.5,3.5,-160,3
1119,577,V,GoldenState,28,33,22,31,114,222,221.5,210,108
1119,578,H,Memphis,30,16,26,23,95,5.5,6,-260,7.5
1119,579,V,Phoenix,19,26,30,41,116,221.5,219,135,4
1119,580,H,Sacramento,33,29,25,33,120,pk,3,-155,111.5
1119,581,V,OklahomaCity,28,25,34,20,107,210.5,209.5,500,103
1119,582,H,LALakers,33,30,30,19,112,11,11,-700,3
1120,501,V,NewYork,25,26,28,25,104,213.5,210.5,600,101.5
1120,502,H,Philadelphia,27,26,21,35,109,12.5,12.5,-900,7.5
1120,503,V,SanAntonio,38,31,29,34,132,3,2,-130,121.5
1120,504,H,Washington,35,28,38,37,138,239.5,237.5,110,0.5
1120,505,V,Cleveland,22,26,29,23,100,214,213.5,375,2
1120,506,H,Miami,32,43,24,25,124,10,9.5,-500,110
1120,507,V,Milwaukee,34,24,38,39,135,10,11,-700,9
1120,508,H,Atlanta,26,35,22,44,127,233,232,500,119.5
1120,509,V,GoldenState,16,22,26,30,94,221.5,216,900,103
1120,510,H,Dallas,44,30,30,38,142,13.5,15,-1600,0.5
1120,511,V,Charlotte,26,25,22,18,91,221.5,219,160,106
1120,512,H,Brooklyn,26,30,26,19,101,5.5,4.5,-190,1
1120,513,V,Orlando,32,19,17,29,97,208.5,207,130,1.5
1120,514,H,Toronto,32,29,18,34,113,4.5,3,-150,100.5
1120,515,V,Detroit,30,25,16,18,89,218.5,1,-115,0.5
1120,516,H,Chicago,30,29,25,25,109,1.5,222.5,-105,108
1120,517,V,Utah,26,22,25,30,103,4,3,-150,1.5
1120,518,H,Minnesota,19,27,22,27,95,218,222,130,114.5
1120,519,V,Houston,22,29,22,22,95,225,221.5,105,0.5
1120,520,H,Denver,27,27,28,23,105,2,1.5,-125,107.5
1120,521,V,Boston,21,21,33,22,104,219,217,240,110.5
1120,522,H,LAClippers,22,18,29,28,107,6,7,-300,5.5
1121,523,V,Portland,27,31,40,31,129,230,228.5,750,117
1121,524,H,Milwaukee,37,35,35,30,137,12,14,-1200,4
1121,525,V,NewOrleans,38,21,36,29,124,233,234,135,0.5
1121,526,H,Phoenix,33,33,28,27,121,3,3,-155,115
1122,527,V,Atlanta,23,34,27,19,103,225,226.5,215,2.5
1122,528,H,Detroit,33,43,31,21,128,5.5,6,-265,110
1122,529,V,Charlotte,34,34,28,22,118,233,234.5,200,113.5
1122,530,H,Washington,33,29,28,35,125,5,6,-250,4.5
1122,531,V,Sacramento,23,26,21,27,97,218,214,115,1
1122,532,H,Brooklyn,26,30,30,30,116,2,2,-135,105.5
1122,533,V,SanAntonio,22,30,28,24,104,224.5,221,240,113.5
1122,534,H,Philadelphia,29,30,28,28,115,8,7,-300,2
1122,535,V,Miami,34,33,18,31,116,4,4.5,-190,104.5
1122,536,H,Chicago,16,27,24,41,108,214.5,217,160,3.5
1122,537,V,LALakers,34,32,40,24,130,4.5,4.5,-200,5
1122,538,H,OklahomaCity,33,34,36,24,127,211,209.5,170,104.5
1122,539,V,Cleveland,26,16,29,30,101,220,221.5,450,1
1122,540,H,Dallas,29,37,45,32,143,10,10,-650,113
1122,541,V,Boston,13,21,23,35,92,206,206.5,175,104.5
1122,542,H,Denver,27,18,25,26,96,4.5,5,-210,0.5
1122,543,V,GoldenState,28,23,21,37,109,210.5,208.5,1300,102.5
1122,544,H,Utah,30,35,25,23,113,16,16,-3500,5.5
1122,545,V,Houston,23,28,33,35,119,228,226.5,175,111
1122,546,H,LAClippers,31,24,25,42,122,5,5.5,-210,2
1123,547,V,Phoenix,30,22,30,18,100,231,234.5,170,119.5
1123,548,H,Minnesota,23,22,28,25,98,4.5,4.5,-200,4.5
1123,549,V,Chicago,34,22,13,47,116,2,2,-130,107.5
1123,550,H,Charlotte,23,26,25,41,115,216,219.5,110,1
1123,551,V,Orlando,25,20,40,21,106,204.5,201.5,225,97.5
1123,552,H,Indiana,24,31,28,28,111,6,6.5,-275,0.5
1123,553,V,Miami,13,22,24,27,86,214.5,211.5,200,3
1123,554,H,Philadelphia,28,27,37,21,113,4,5.5,-250,100.5
1123,555,V,SanAntonio,32,36,21,22,111,2.5,3,-155,110.5
1123,556,H,NewYork,16,27,28,33,104,218,217,135,5
1123,557,V,Toronto,26,26,35,32,119,6.5,7.5,-330,6.5
1123,558,H,Atlanta,27,34,29,26,116,223.5,223.5,260,109.5
1123,559,V,LALakers,25,30,30,24,109,8,8,-360,9.5
1123,560,H,Memphis,35,28,21,24,108,221,225.5,280,110.5
1123,561,V,Portland,19,23,27,35,104,5,6.5,-275,6
1123,562,H,Cleveland,19,30,27,34,110,222.5,226,225,116.5
1123,563,V,Detroit,24,23,22,21,90,230.5,225.5,750,109
1123,564,H,Milwaukee,27,27,23,27,104,11.5,13,-1200,6
1123,565,V,NewOrleans,31,23,34,32,120,222.5,226,190,2.5
1123,566,H,Utah,44,30,24,30,128,8,5.5,-240,110
1124,567,V,Dallas,45,33,27,32,137,232,230,190,112.5
1124,568,H,Houston,29,31,35,28,123,5,5.5,-240,7.5
1124,569,V,Sacramento,24,33,33,23,113,236.5,233,115,114
1124,570,H,Washington,27,30,28,21,106,2,2.5,-135,1.5
1124,571,V,Brooklyn,29,23,30,21,103,2,2.5,-135,111
1124,572,H,NewYork,22,24,26,29,101,212,215,115,0.5
1124,573,V,Phoenix,28,29,20,27,104,213.5,214,500,110.5
1124,574,H,Denver,28,24,27,37,116,9,11,-700,9.5
1124,575,V,NewOrleans,27,29,31,22,109,234,233,750,112.5
1124,576,H,LAClippers,40,32,28,34,134,12,13,-1200,2.5
1125,501,V,Orlando,31,24,15,18,88,207.5,207.5,160,102
1125,502,H,Detroit,23,30,25,25,103,5.5,4.5,-190,4.5
1125,503,V,Memphis,27,29,27,31,114,217.5,217,375,110.5
1125,504,H,Indiana,36,31,37,22,126,8,9.5,-500,3
1125,505,V,Brooklyn,25,27,29,27,108,217.5,218.5,100,113.5
1125,506,H,Cleveland,26,25,24,31,106,pk,1,-120,pk
1125,507,V,Philadelphia,34,15,31,16,96,214,1.5,-125,1.5
1125,508,H,Toronto,28,23,30,20,101,1,212,105,109
1125,509,V,Sacramento,22,24,29,27,102,209,205.5,235,101
1125,510,H,Boston,19,34,22,28,103,6.5,6,-290,1.5
1125,511,V,Charlotte,31,27,24,18,100,215,212.5,500,104
1125,512,H,Miami,36,33,29,19,117,10.5,10.5,-700,2
1125,513,V,Minnesota,38,16,39,32,125,4.5,4.5,-190,5.5
1125,514,H,Atlanta,30,34,26,23,113,233.5,236.5,160,114.5
1125,515,V,Utah,25,32,26,35,118,224.5,226.5,325,116.5
1125,516,H,Milwaukee,23,25,42,32,122,6.5,8.5,-425,8
1125,517,V,Portland,27,35,30,25,117,1,1,-120,111
1125,518,H,Chicago,28,26,18,22,94,227.5,225.5,100,2
1125,519,V,LALakers,25,29,32,28,114,4.5,4.5,-200,4.5
1125,520,H,SanAntonio,22,34,26,22,104,223,222.5,170,108
1125,521,V,OklahomaCity,25,28,21,26,100,6.5,7.5,-330,8
1125,522,H,GoldenState,28,31,24,14,97,215,213,260,103.5
1126,523,V,LAClippers,34,28,31,21,114,2.5,1.5,-125,110
1126,524,H,Dallas,27,19,31,22,99,227.5,226.5,105,5
1126,525,V,Washington,23,24,22,35,104,227,227.5,450,109.5
1126,526,H,Denver,25,39,22,31,117,10,10.5,-650,1
1127,527,V,Utah,20,23,37,22,102,209.5,207.5,-110,2.5
1127,528,H,Indiana,21,32,36,32,121,1,pk,-110,107.5
1127,529,V,Brooklyn,23,40,23,24,110,217.5,214,300,111
1127,530,H,Boston,30,27,34,30,121,7,8.5,-400,8.5
1127,531,V,Sacramento,18,28,19,26,91,209,211,375,103.5
1127,532,H,Philadelphia,25,22,29,21,97,9.5,9,-500,6.5
1127,533,V,Orlando,27,32,28,29,116,1,209.5,-110,103
1127,534,H,Cleveland,27,25,21,31,104,206,pk,-110,2
1127,535,V,Detroit,32,28,20,21,101,4,3.5,-180,1
1127,536,H,Charlotte,31,24,31,16,102,216.5,215.5,150,104.5
1127,537,V,NewYork,29,17,23,29,98,209.5,211,425,102.5
1127,538,H,Toronto,21,37,31,37,126,10.5,9.5,-600,2
1127,539,V,Atlanta,17,42,23,20,102,239.5,239.5,900,117
1127,540,H,Milwaukee,33,27,21,30,111,14.5,14.5,-1600,9
1127,541,V,LAClippers,35,29,28,29,121,8,6.5,-275,2.5
1127,542,H,Memphis,31,29,28,31,119,226.5,226.5,225,110.5
1127,543,V,Miami,23,19,26,40,108,227,227,250,2.5
1127,544,H,Houston,27,39,25,26,117,6,7,-310,110.5
1127,545,V,Minnesota,22,35,24,32,113,228,230,130,111.5
1127,546,H,SanAntonio,24,23,31,23,101,1.5,3,-150,4
1127,547,V,Washington,36,38,34,32,140,242.5,240.5,235,118.5
1127,548,H,Phoenix,34,35,26,37,132,8,6.5,-290,6.5
1127,549,V,LALakers,25,29,25,35,114,6.5,6.5,-330,7.5
1127,550,H,NewOrleans,38,26,25,21,110,231.5,231.5,260,112.5
1127,551,V,OklahomaCity,26,24,27,42,119,220,219.5,125,3
1127,552,H,Portland,42,21,41,32,136,3,2.5,-145,106
1127,553,V,Chicago,17,31,25,17,90,3,2,-130,3
1127,554,H,GoldenState,25,28,25,26,104,216.5,215,110,106.5
1129,555,V,Boston,24,31,26,26,107,3.5,4,-180,5
1129,556,H,Brooklyn,31,27,29,25,112,217,213.5,150,110
1129,557,V,Charlotte,38,24,23,25,110,213,213,260,104.5
1129,558,H,Detroit,37,20,28,22,107,7.5,8,-330,7.5
1129,559,V,Toronto,20,20,26,24,90,3,3,-150,4
1129,560,H,Orlando,23,24,12,24,83,205.5,209,130,101
1129,561,V,Philadelphia,18,21,31,31,101,8,6.5,-280,7.5
1129,562,H,NewYork,31,20,17,27,95,206.5,209,230,106
1129,563,V,Milwaukee,38,29,32,20,119,10,11,-700,1.5
1129,564,H,Cleveland,29,18,42,21,110,228,229.5,500,117
1129,565,V,Atlanta,23,31,11,29,104,225.5,224.5,500,109
1129,566,H,Indiana,22,21,29,22,105,10.5,11,-700,9.5
1129,567,V,GoldenState,21,37,21,26,105,211,209,525,101.5
1129,568,H,Miami,41,30,24,27,122,11.5,11.5,-750,2.5
1129,569,V,NewOrleans,26,27,31,20,104,228.5,229,165,111.5
1129,570,H,OklahomaCity,34,28,17,30,109,3.5,4.5,-195,pk
1129,571,V,Utah,22,18,35,28,103,7.5,7.5,-330,8
1129,572,H,Memphis,24,31,18,21,94,219,223,260,114.5
1129,573,V,LAClippers,30,23,18,26,97,6,5,-220,4
1129,574,H,SanAntonio,27,26,29,25,107,226.5,224.5,180,110
1129,575,V,Dallas,31,22,36,31,120,1,2,-135,1
1129,576,H,Phoenix,25,25,39,24,113,232,230.5,115,111.5
1129,577,V,Chicago,28,19,31,25,103,225,227,240,110.5
1129,578,H,Portland,25,28,28,26,107,7,7,-300,2.5
1129,579,V,Washington,23,26,30,24,103,234,235.5,525,113
1129,580,H,LALakers,37,33,35,20,125,11.5,11.5,-750,1
1130,501,V,Denver,27,30,18,15,97,4,4,-185,100
1130,502,H,Sacramento,17,23,27,23,100,205.5,205.5,155,3
1130,503,V,Indiana,29,36,28,23,116,205,207.5,210,102.5
1130,504,H,Philadelphia,38,27,28,26,119,3.5,6,-260,4.5
1130,505,V,Charlotte,25,24,26,21,96,228.5,225,850,108.5
1130,506,H,Milwaukee,32,34,35,36,137,14.5,14,-1500,3
1130,507,V,Atlanta,21,31,21,38,111,238.5,238,850,115
1130,508,H,Houston,38,43,46,31,158,13.5,14,-1500,1.5
1201,509,V,Miami,32,26,25,26,109,3.5,4,-185,5
1201,510,H,Brooklyn,30,35,16,25,106,216.5,215,155,106.5
1201,511,V,Boston,31,27,23,32,113,7,7.5,-400,5
1201,512,H,NewYork,30,28,27,19,104,209.5,208.5,300,108.5
1201,513,V,Memphis,25,23,38,29,115,231,231,650,116.5
1201,514,H,Minnesota,21,26,32,28,107,8.5,12,-1000,8.5
1201,515,V,Dallas,25,34,35,20,114,222.5,222.5,225,109
1201,516,H,LALakers,30,32,17,21,100,5.5,6.5,-275,3
1201,517,V,SanAntonio,27,24,20,27,98,217,217.5,120,2
1201,518,H,Detroit,32,27,37,36,132,1.5,2.5,-140,112
1201,519,V,OklahomaCity,33,23,26,25,107,228.5,226.5,120,111
1201,520,H,NewOrleans,29,26,22,27,104,1.5,2.5,-140,2.5
1201,521,V,GoldenState,22,29,20,25,96,206.5,204.5,275,99.5
1201,522,H,Orlando,26,25,21,28,100,8.5,7.5,-350,5
1201,523,V,Utah,20,17,49,24,110,210,208,110,8
1201,524,H,Toronto,37,40,30,23,130,2.5,2,-130,106.5
1201,525,V,Washington,35,22,41,27,125,237,240,650,117
1201,526,H,LAClippers,39,43,34,34,150,12.5,12,-1000,1
1202,527,V,Utah,23,19,24,28,94,208,208.5,180,2.5
1202,528,H,Philadelphia,31,29,25,18,103,4.5,5,-220,107.5
1202,529,V,Phoenix,28,31,21,29,109,4.5,4,-170,113.5
1202,530,H,Charlotte,21,18,34,31,104,225.5,221.5,145,3.5
1202,531,V,GoldenState,23,17,13,26,79,222,222.5,210,106.5
1202,532,H,Atlanta,20,29,27,28,104,5.5,6.5,-260,0.5
1202,533,V,Indiana,24,33,28,32,117,10,9,-450,2
1202,534,H,Memphis,19,28,26,31,104,218.5,216.5,350,105.5
1202,535,V,NewYork,15,30,17,26,88,220.5,222.5,1200,107.5
1202,536,H,Milwaukee,33,39,28,32,132,16,17,-3000,3
1202,537,V,Chicago,22,33,29,29,113,211,212,180,104.5
1202,538,H,Sacramento,23,21,30,32,106,5,5,-220,5.5
1203,539,V,Detroit,32,30,35,30,127,2,3.5,-165,105.5
1203,540,H,Cleveland,28,18,22,26,94,214.5,216.5,142,2.5
1203,541,V,Orlando,32,36,29,30,127,227.5,229.5,-110,112.5
1203,542,H,Washington,26,28,34,32,120,1.5,pk,-110,3.5
1203,543,V,Dallas,24,35,25,34,118,3.5,4.5,-200,1.5
1203,544,H,NewOrleans,24,29,22,22,97,233.5,233,170,113.5
1203,545,V,Miami,32,26,25,25,121,213,212,190,104
1203,546,H,Toronto,23,30,28,27,110,4,5.5,-240,4
1203,547,V,Houston,25,38,34,18,133,6,7,-330,3
1203,548,H,SanAntonio,27,32,22,34,135,233.5,234,260,114
1203,549,V,LALakers,28,32,24,21,105,211,207.5,115,102
1203,550,H,Denver,24,25,27,20,96,1,2.5,-135,4
1203,551,V,Portland,30,29,17,21,97,229,233,350,114.5
1203,552,H,LAClippers,29,33,27,28,117,9,9,-450,4.5
1204,553,V,Milwaukee,22,37,33,35,127,7.5,9,-500,2
1204,554,H,Detroit,24,24,24,31,103,225.5,223,375,114
1204,555,V,Phoenix,37,21,28,28,114,1.5,1.5,-125,3
1204,556,H,Orlando,31,34,38,25,128,215,213.5,105,111
1204,557,V,GoldenState,20,34,22,15,91,209,213,120,105
1204,558,H,Charlotte,28,30,28,20,106,3,2.5,-140,1
1204,559,V,Brooklyn,22,34,35,39,130,3,3,-150,116
1204,560,H,Atlanta,26,21,35,36,118,225,228,130,1.5
1204,561,V,Miami,28,16,25,24,93,213,209,185,102
1204,562,H,Boston,20,32,30,30,112,5.5,5.5,-230,0.5
1204,563,V,Memphis,20,15,29,35,99,221,223,240,1
1204,564,H,Chicago,27,23,28,28,106,6,6.5,-300,113.5
1204,565,V,Indiana,26,23,30,28,107,213.5,1,-125,102.5
1204,566,H,OklahomaCity,29,21,28,22,100,pk,209,105,pk
1204,567,V,Minnesota,25,31,28,30,114,230,229,190,111.5
1204,568,H,Dallas,30,23,27,41,121,4,5.5,-240,5.5
1204,569,V,LALakers,34,31,29,27,121,pk,212.5,105,103
1204,570,H,Utah,26,21,28,21,96,211.5,2,-125,5.5
1204,571,V,Sacramento,35,29,31,21,116,218.5,216.5,180,108
1204,572,H,Portland,30,36,34,27,127,3,5,-220,3
1205,501,V,Philadelphia,33,22,26,32,113,5.5,8,-380,8
1205,502,H,Washington,25,40,26,28,119,234.5,233,290,119
1205,503,V,Houston,34,29,31,25,119,230,230.5,110,112.5
1205,504,H,Toronto,28,27,33,21,109,1.5,2,-130,2.5
1205,505,V,Denver,33,34,31,31,129,9,9,-420,99.5
1205,506,H,NewYork,27,18,30,17,92,203,205,320,1
1205,507,V,Phoenix,38,36,33,18,139,232,235,155,122.5
1205,508,H,NewOrleans,40,30,21,34,132,1.5,4,-185,3.5
1206,509,V,Indiana,19,25,31,26,101,2.5,1.5,-125,3.5
1206,510,H,Detroit,32,23,16,37,108,213,212,105,103
1206,511,V,Orlando,24,28,16,25,93,2.5,4.5,-190,2
1206,512,H,Cleveland,25,22,23,17,87,212.5,210,160,103
1206,513,V,Brooklyn,29,26,31,25,111,3.5,3,-150,3.5
1206,514,H,Charlotte,32,25,27,20,104,217.5,219,130,113.5
1206,515,V,Minnesota,27,31,39,25,127,220,218,145,106.5
1206,516,H,OklahomaCity,30,23,41,28,139,2,3.5,-170,3.5
1206,517,V,Washington,28,37,20,18,103,234,229,400,110.5
1206,518,H,Miami,27,34,25,26,112,10.5,9.5,-550,8
1206,519,V,GoldenState,23,27,27,23,100,212.5,215,160,106.5
1206,520,H,Chicago,28,23,32,15,98,5,4.5,-190,3
1206,521,V,Denver,26,19,19,31,95,203,205.5,140,0.5
1206,522,H,Boston,33,20,32,23,108,3,3,-160,101.5
1206,523,V,LAClippers,15,28,19,29,91,232,233.5,160,1
1206,524,H,Milwaukee,30,22,35,32,119,3,4.5,-190,113
1206,525,V,Sacramento,17,25,30,28,104,215,214.5,155,1
1206,526,H,SanAntonio,21,31,17,31,105,3.5,4,-185,104.5
1206,527,V,LALakers,39,38,33,26,136,3.5,5,-200,111
1206,528,H,Portland,34,28,31,20,113,221.5,225,170,2
1207,529,V,NewOrleans,28,24,14,18,84,233,232,350,113
1207,530,H,Dallas,31,33,40,26,130,9,9,-450,2
1207,531,V,Cleveland,18,18,26,32,94,213.5,215,500,1.5
1207,532,H,Philadelphia,36,41,31,33,141,12.5,11,-700,108.5
1207,533,V,Indiana,32,34,23,15,104,6.5,5.5,-220,1.5
1207,534,H,NewYork,27,33,21,22,103,209.5,208,180,102.5
1207,535,V,Phoenix,31,21,26,31,109,239.5,240.5,525,122.5
1207,536,H,Houston,23,39,21,32,115,9,11,-750,3.5
1207,537,V,Memphis,36,18,30,28,112,218,217.5,550,112.5
1207,538,H,Utah,32,37,28,29,126,12.5,11.5,-800,2.5
1208,539,V,Denver,21,33,23,25,102,3.5,4.5,-185,3
1208,540,H,Brooklyn,25,28,29,23,105,209,212.5,155,104.5
1208,541,V,Atlanta,24,27,37,34,122,224.5,223,105,108
1208,542,H,Charlotte,27,26,30,24,107,2,1.5,-125,0.5
1208,543,V,Toronto,22,20,26,36,104,210.5,214,130,3
1208,544,H,Philadelphia,27,30,29,24,110,3,3,-150,104
1208,545,V,Chicago,25,24,24,24,105,212,210.5,250,102
1208,546,H,Miami,16,31,27,23,110,7.5,7,-310,5.5
1208,547,V,LAClippers,35,30,35,35,135,7.5,9,-450,7
1208,548,H,Washington,25,39,29,26,119,238.5,236,350,116.5
1208,549,V,Sacramento,36,30,26,18,110,216,216,330,106
1208,550,H,Dallas,27,19,32,28,106,7.5,9,-430,10.5
1208,551,V,OklahomaCity,21,34,27,26,108,223,223,150,109.5
1208,552,H,Portland,20,27,31,18,96,4,4,-180,4
1208,553,V,Minnesota,31,34,38,22,125,226,227.5,450,111.5
1208,554,H,LALakers,39,34,37,32,142,10.5,10,-650,3
1209,555,V,LAClippers,24,36,31,19,110,216,216.5,130,107
1209,556,H,Indiana,19,29,25,26,99,1-105,3,-150,5
1209,557,V,Cleveland,18,22,26,22,88,213.5,216,800,110
1209,558,H,Boston,29,24,30,27,110,13,13.5,-1400,4
1209,559,V,Toronto,30,19,22,22,93,5,6.5,-270,5.5
1209,560,H,Chicago,30,21,20,21,92,216,213.5,220,104.5
1209,561,V,Detroit,25,22,34,24,105,226.5,227.5,-110,1.5
1209,562,H,NewOrleans,29,24,21,29,103,1,pk,-110,110
1209,563,V,Sacramento,32,27,35,25,119,227,225.5,600,110.5
1209,564,H,Houston,28,36,29,25,118,12,12,-900,6.5
1209,565,V,Orlando,20,20,33,28,101,219,217.5,650,105
1209,566,H,Milwaukee,31,21,28,30,110,11.5,13,-1000,4
1209,567,V,Minnesota,31,33,21,24,109,234,233,140,113.5
1209,568,H,Phoenix,33,28,33,31,125,3.5,3.5,-160,2
1209,569,V,OklahomaCity,25,26,34,19,104,212.5,206.5,320,102
1209,570,H,Utah,24,23,21,22,90,1-111,9,-420,6.5
1209,571,V,Memphis,29,25,34,22,110,217.5,220,140,113
1209,572,H,GoldenState,20,27,32,23,102,3,3.5,-160,3.5
1210,573,V,Denver,27,23,26,16,92,206,208,180,103.5
1210,574,H,Philadelphia,26,29,28,14,97,3.5,5.5,-220,1.5
1210,575,V,Washington,20,28,27,32,107,1,2,-130,1.5
1210,576,H,Charlotte,28,25,29,32,114,234,229,110,110.5
1210,577,V,Atlanta,30,34,32,21,121,217.5,219,325,108
1210,578,H,Miami,36,30,27,24,135,9,8.5,-425,4.5
1210,579,V,NewYork,22,19,18,28,87,218.5,223.5,375,0.5
1210,580,H,Portland,32,28,26,29,115,9.5,9.5,-500,108.5
1211,501,V,Boston,32,25,37,23,117,209.5,211,100,1
1211,502,H,Indiana,30,31,23,38,122,2,1,-120,110.5
1211,503,V,LAClippers,27,37,24,24,112,2,2.5,-150,107.5
1211,504,H,Toronto,32,14,25,21,92,220,222.5,130,4
1211,505,V,LALakers,26,25,18,27,96,6.5,8.5,-430,1
1211,506,H,Orlando,9,29,27,22,87,212,210.5,330,102
1211,507,V,Houston,35,29,24,28,116,10.5,11.5,-800,4.5
1211,508,H,Cleveland,29,28,25,28,110,228.5,230,550,112.5
1211,509,V,Charlotte,26,27,31,29,113,217,217,400,105.5
1211,510,H,Brooklyn,34,30,22,22,108,9,10,-550,2.5
1211,511,V,Utah,25,34,38,30,127,1.5,220.5,-105,114.5
1211,512,H,Minnesota,23,36,24,33,116,222.5,1,-115,pk
1211,513,V,Atlanta,33,19,35,15,102,222.5,221.5,225,1
1211,514,H,Chicago,37,29,40,30,136,4.5,6.5,-275,106.5
1211,515,V,Memphis,27,24,33,31,115,231.5,230.5,240,118
1211,516,H,Phoenix,19,32,28,29,108,7,7,-300,4.5
1211,517,V,NewOrleans,20,26,40,26,112,234,232.5,350,1
1211,518,H,Milwaukee,35,34,36,22,127,14,9.5,-450,112.5
1211,519,V,OklahomaCity,18,29,24,22,93,210.5,207.5,105,101
1211,520,H,Sacramento,23,15,31,25,94,1,1.5,-125,3.5
1211,521,V,NewYork,30,38,19,25,124,210.5,211,175,102
1211,522,H,GoldenState,20,30,30,32,122,4.5,5,-210,7.5
1212,523,V,Philadelphia,28,28,25,34,115,210,212.5,-105,0.5
1212,524,H,Boston,34,25,21,29,109,1.5,1,-115,110.5
1212,525,V,Cleveland,28,25,25,25,117,219.5,218.5,600,113
1212,526,H,SanAntonio,19,24,25,35,109,10,11.5,-900,11.5
1212,527,V,Dallas,34,31,30,27,122,5,6.5,-310,2
1212,528,H,Detroit,29,29,27,26,111,220.5,217.5,250,106.5
1212,529,V,Portland,26,27,25,21,99,214,216.5,260,107.5
1212,530,H,Denver,33,29,27,25,114,5.5,7.5,-330,1
1213,531,V,Houston,28,34,34,34,130,6,6.5,-275,2
1213,532,H,Orlando,22,33,23,29,107,222,220.5,225,107.5
1213,533,V,NewOrleans,25,32,25,27,109,222.5,222,250,108
1213,534,H,Philadelphia,39,23,30,24,116,8,7,-310,3
1213,535,V,Indiana,29,34,23,24,110,6,6,-265,109
1213,536,H,Atlanta,22,26,35,17,100,222.5,224.5,215,1.5
1213,537,V,Milwaukee,35,29,26,37,127,11.5,12.5,-1100,7.5
1213,538,H,Memphis,29,33,33,19,114,228.5,229,700,118.5
1213,539,V,LALakers,30,21,37,25,113,5,5.5,-240,6
1213,540,H,Miami,29,30,26,25,110,214,211.5,190,104
1213,541,V,LAClippers,33,32,37,22,124,5.5,4.5,-200,0.5
1213,542,H,Minnesota,29,29,23,36,117,231.5,228,170,111.5
1213,543,V,Charlotte,24,20,15,24,83,214,213.5,230,103.5
1213,544,H,Chicago,15,25,10,23,73,5.5,7,-280,6
1213,545,V,NewYork,20,25,27,31,103,207.5,210.5,330,101.5
1213,546,H,Sacramento,32,22,26,21,101,8,9,-430,2.5
1213,547,V,GoldenState,29,27,28,22,106,210.5,211,800,104
1213,548,H,Utah,22,27,37,28,114,12,14,-1400,11.5
1214,549,V,SanAntonio,28,16,34,31,121,1,2,-125,2
1214,550,H,Phoenix,18,30,32,29,119,225,220.5,105,112.5
1214,551,V,Brooklyn,31,29,23,19,102,219.5,218.5,255,112.5
1214,552,H,Toronto,38,27,25,20,110,7.5,7,-320,2.5
1214,553,V,LAClippers,29,28,22,27,106,4.5,3,-155,1.5
1214,554,H,Chicago,24,31,29,25,109,219.5,214,135,105
1214,555,V,Washington,30,24,30,27,111,1,236.5,105,4
1214,556,H,Memphis,35,34,35,24,128,236.5,1.5,-125,116.5
1214,557,V,Miami,37,36,18,21,122,215.5,216.5,325,104
1214,558,H,Dallas,23,27,31,31,118,7,8.5,-425,8
1214,559,V,Cleveland,20,31,28,29,108,226,223,850,114
1214,560,H,Milwaukee,26,43,33,23,125,13,14,-1500,3.5
1214,561,V,Detroit,30,32,26,27,115,230,225.5,260,110
1214,562,H,Houston,32,20,23,32,107,8.5,7.5,-330,8
1214,563,V,OklahomaCity,20,29,19,34,102,205.5,204.5,210,100.5
1214,564,H,Denver,27,25,30,28,110,7,6,-260,2.5
1215,565,V,Orlando,24,34,41,31,130,218.5,216.5,-110,106.5
1215,566,H,NewOrleans,30,27,27,35,119,1.5,pk,-110,pk
1215,567,V,Charlotte,20,24,22,19,85,210,210,550,102
1215,568,H,Indiana,33,26,13,35,107,11,11.5,-800,2.5
1215,569,V,Philadelphia,23,20,23,23,89,4.5,3.5,-170,6.5
1215,570,H,Brooklyn,28,29,26,26,109,217.5,220,145,113
1215,571,V,LALakers,24,31,27,19,101,12,12,-850,4.5
1215,572,H,Atlanta,25,23,30,18,96,226.5,229,575,111.5
1215,573,V,NewYork,22,29,33,21,105,205,208.5,500,102
1215,574,H,Denver,33,34,20,24,111,11,10.5,-700,1.5
1215,575,V,Sacramento,26,25,28,21,100,3.5,4.5,-200,102
1215,576,H,GoldenState,18,24,17,20,79,210.5,209.5,170,pk
1216,577,V,Washington,43,24,29,37,133,230,232,120,113.5
1216,578,H,Detroit,31,30,30,28,119,4.5,2.5,-140,2.5
1216,579,V,Cleveland,29,25,30,29,113,216,216.5,750,110.5
1216,580,H,Toronto,37,29,38,29,133,13,13,-1200,4
1216,581,V,Chicago,37,31,22,16,106,206.5,208.5,190,102
1216,582,H,OklahomaCity,16,33,33,27,109,5,5.5,-240,8
1216,583,V,Miami,32,26,28,25,111,5,2.5,-145,5.5
1216,584,H,Memphis,36,37,22,23,118,218.5,217,125,106.5
1216,585,V,SanAntonio,35,37,17,18,107,231.5,232,450,119
1216,586,H,Houston,21,32,30,26,109,10,10.5,-650,10.5
1216,587,V,Dallas,36,23,27,34,120,227,227.5,525,111.5
1216,588,H,Milwaukee,22,34,20,40,116,11,10.5,-750,9.5
1216,589,V,Portland,25,34,31,21,111,1.5,2.5,-135,4
1216,590,H,Phoenix,33,34,21,22,110,227.5,227,115,111.5
1217,501,V,Sacramento,21,26,32,23,102,5.5,5,-220,4.5
1217,502,H,Charlotte,26,27,27,30,110,207,208,180,102
1217,503,V,LALakers,28,24,24,26,102,3,1,-120,104
1217,504,H,Indiana,24,26,28,27,105,211,213,100,0.5
1217,505,V,Atlanta,27,26,31,36,120,220.5,226,110,5.5
1217,506,H,NewYork,41,36,32,34,143,pk,2,-130,109
1217,507,V,Brooklyn,21,21,19,32,108,1,2,-135,116
1217,508,H,NewOrleans,21,14,29,29,101,230.5,227.5,115,0.5
1217,509,V,Orlando,20,27,24,31,102,207.5,208,230,102
1217,510,H,Utah,26,32,24,27,109,5.5,6.5,-280,0.5
1217,511,V,Phoenix,23,21,25,30,99,226.5,225,850,115
1217,512,H,LAClippers,31,23,36,30,120,12.5,15,-1500,5.5
1218,513,V,Chicago,23,29,21,25,110,230.5,230,-105,2
1218,514,H,Washington,27,31,27,13,109,1,1,-115,112
1218,515,V,Toronto,30,40,26,16,112,3.5,2.5,-145,107
1218,516,H,Detroit,29,35,15,20,99,217,217,125,1
1218,517,V,Charlotte,21,20,23,34,98,213.5,211,125,2.5
1218,518,H,Cleveland,29,24,23,24,100,2.5,3,-145,102
1218,519,V,Miami,19,37,26,26,108,213,208.5,290,102.5
1218,520,H,Philadelphia,29,19,26,30,104,6.5,8,-380,7
1218,521,V,NewOrleans,32,31,24,20,107,231.5,229.5,145,113.5
1218,522,H,Minnesota,25,25,22,27,99,7,3.5,-170,5.5
1218,523,V,Memphis,32,36,32,22,122,217.5,219.5,230,113.5
1218,524,H,OklahomaCity,27,32,34,33,126,6,6.5,-280,5.5
1218,525,V,Boston,29,21,26,33,109,1,2,-130,2
1218,526,H,Dallas,29,26,18,30,103,218.5,215.5,110,111.5
1218,527,V,Orlando,32,28,16,28,104,203,205,375,100.5
1218,528,H,Denver,27,18,39,29,113,9,9,-500,9.5
1218,529,V,GoldenState,29,37,26,20,112,219,221.5,375,110
1218,530,H,Portland,40,27,30,25,122,9,9,-500,5.5
1219,531,V,Utah,28,24,31,28,111,6.5,6.5,-280,6.5
1219,532,H,Atlanta,30,26,28,22,106,224,224.5,230,114.5
1219,533,V,LALakers,17,29,35,23,104,225,227,140,4
1219,534,H,Milwaukee,23,42,24,22,111,4.5,3.5,-160,110
1219,535,V,Brooklyn,33,23,25,24,105,219,219.5,160,113.5
1219,536,H,SanAntonio,27,23,33,35,118,3,4,-190,3.5
1219,537,V,Houston,27,27,36,32,122,233,235.5,180,2.5
1219,538,H,LAClippers,28,41,18,30,117,5.5,,-220,115
1220,539,V,Sacramento,32,25,22,26,105,206.5,209.5,180,1
1220,540,H,Indiana,30,38,24,27,119,5,5,-220,102
1220,541,V,Memphis,27,24,36,20,107,2,2.5,-140,2
1220,542,H,Cleveland,25,30,26,33,114,224,222.5,120,114.5
1220,543,V,Washington,23,29,33,33,118,230,229.5,220,1.5
1220,544,H,Toronto,40,28,28,26,122,6,6.5,-270,110.5
1220,545,V,Detroit,26,22,21,24,93,215,211,350,103
1220,546,H,Boston,28,32,31,23,114,7.5,9,-450,1.5
1220,547,V,NewYork,20,27,27,40,114,214,216.5,400,1.5
1220,548,H,Miami,39,31,28,31,129,11,9,-550,104.5
1220,549,V,Phoenix,23,27,41,17,108,218,224.5,130,114.5
1220,550,H,OklahomaCity,26,31,44,25,126,4,3,-150,pk
1220,551,V,Dallas,35,28,25,29,117,213.5,212,325,105
1220,552,H,Philadelphia,28,29,20,21,98,7.5,8.5,-425,9
1220,553,V,Minnesota,20,31,24,25,100,216,215.5,525,104.5
1220,554,H,Denver,33,28,21,27,109,10,11,-750,2.5
1220,555,V,Orlando,13,31,31,28,103,216,218.5,145,2.5
1220,556,H,Portland,31,26,36,25,118,3.5,3.5,-170,107
1220,557,V,NewOrleans,16,28,37,21,102,1,2,-130,5
1220,558,H,GoldenState,31,25,22,28,106,224,221.5,110,108
1221,559,V,Utah,31,25,28,30,114,6,7,-300,6.5
1221,560,H,Charlotte,33,31,22,21,107,210,208,240,108
1221,561,V,Atlanta,34,39,25,14,112,227.5,231.5,270,113.5
1221,562,H,Brooklyn,34,26,25,37,122,6.5,7.5,-340,7.5
1221,563,V,Washington,25,28,27,28,108,230,227,700,110
1221,564,H,Philadelphia,32,33,23,37,125,12,12.5,-1100,4
1221,565,V,Chicago,25,28,40,26,119,213,1.5,-125,2.5
1221,566,H,Detroit,28,31,30,18,107,2.5,209,105,102.5
1221,567,V,Milwaukee,37,31,27,28,123,12.5,13,-1200,3
1221,568,H,NewYork,23,31,16,32,102,227,227,750,116.5
1221,569,V,Sacramento,21,29,28,37,115,1.5,2,-135,4
1221,570,H,Memphis,23,37,31,28,119,217.5,221.5,115,108
1221,571,V,LAClippers,33,39,38,24,134,6,7.5,-310,110
1221,572,H,SanAntonio,31,30,22,26,109,223,225.5,250,pk
1221,573,V,Houston,36,34,36,33,139,5.5,8.5,-425,4
1221,574,H,Phoenix,35,30,30,30,125,235,234.5,325,114
1221,575,V,Minnesota,23,29,28,26,106,231.5,227.5,230,110.5
1221,576,H,Portland,27,34,22,30,113,6.5,7,-280,1
1222,577,V,Dallas,17,34,35,21,107,217,218,105,107
1222,578,H,Toronto,20,22,21,47,110,2.5,1.5,-125,3.5
1222,579,V,Charlotte,37,19,21,16,93,209.5,210,650,103
1222,580,H,Boston,30,29,25,35,119,13,12,-1000,6.5
1222,581,V,Indiana,22,33,18,16,89,219.5,220.5,310,109
1222,582,H,Milwaukee,21,38,24,34,117,7,8.5,-410,4.5
1222,583,V,LAClippers,33,30,26,23,112,1,223.5,100,109.5
1222,584,H,OklahomaCity,27,30,29,32,118,222,1,-120,2
1222,585,V,Denver,23,32,36,37,128,209,208,120,pk
1222,586,H,LALakers,28,25,25,26,104,7.5,2.5,-140,101
1223,501,V,Philadelphia,30,30,34,31,125,6,6.5,-275,1
1223,502,H,Detroit,23,29,34,23,109,214,215,225,109.5
1223,503,V,Toronto,19,25,35,28,115,209.5,210.5,195,0.5
1223,504,H,Indiana,30,24,24,29,120,6,5,-245,101.5
1223,505,V,Chicago,28,26,27,14,95,209,205.5,170,101
1223,506,H,Orlando,28,23,32,20,103,3,5,-200,4.5
1223,507,V,Washington,32,31,31,27,121,234.5,227.5,145,110.5
1223,508,H,NewYork,37,27,27,24,115,pk,3.5,-170,2.5
1223,509,V,Atlanta,32,32,30,24,118,228.5,2,-130,3
1223,510,H,Cleveland,42,29,23,27,121,2,229.5,110,112
1223,511,V,Utah,28,24,29,23,104,212,213.5,160,111
1223,512,H,Miami,32,21,23,31,107,4.5,4.5,-190,2.5
1223,513,V,SanAntonio,46,26,36,37,145,1,1,-115,117
1223,514,H,Memphis,31,30,28,26,115,226.5,228.5,-105,2.5
1223,515,V,Denver,34,22,26,31,113,3.5,2.5,-140,107
1223,516,H,Phoenix,22,27,32,30,111,216,218.5,120,pk
1223,517,V,Houston,37,28,32,16,113,5,6,-270,1
1223,518,H,Sacramento,21,36,22,25,104,228,230,220,111
1223,519,V,NewOrleans,31,23,28,20,102,228.5,229.5,200,112
1223,520,H,Portland,31,25,21,17,94,6.5,6,-250,3
1223,521,V,Minnesota,22,21,24,37,104,2,222,-105,3.5
1223,522,H,GoldenState,22,35,27,29,113,221,1,-115,107
1225,523,V,Boston,28,27,33,30,118,2.5,4,-185,110.5
1225,524,H,Toronto,19,28,22,33,102,213,213.5,155,1
1225,525,V,Milwaukee,30,18,25,36,109,2,3,-150,7.5
1225,526,H,Philadelphia,38,31,31,21,121,220,221,130,113.5
1225,527,V,Houston,29,39,19,17,104,11,11.5,-800,6
1225,528,H,GoldenState,28,36,28,24,116,226.5,230,550,113
1225,529,V,LAClippers,31,20,35,25,111,224.5,223,120,4.5
1225,530,H,LALakers,33,30,23,20,106,2,2.5,-140,109.5
1225,531,V,NewOrleans,29,29,26,28,112,218.5,216,375,106
1225,532,H,Denver,26,29,25,20,100,9.5,9,-500,7.5
1226,533,V,Washington,23,25,28,26,102,231,228,230,2.5
1226,534,H,Detroit,31,37,38,26,132,6,6.5,-280,110.5
1226,535,V,Memphis,23,26,37,24,110,224,224,215,114.5
1226,536,H,OklahomaCity,18,29,27,23,97,6.5,6,-265,5
1226,537,V,NewYork,24,22,33,15,94,221,226,270,110.5
1226,538,H,Brooklyn,15,26,20,21,82,7,7,-340,7.5
1226,539,V,SanAntonio,24,23,27,24,98,226.5,226.5,280,116
1226,540,H,Dallas,20,32,27,23,102,5.5,8,-360,3.5
1226,541,V,Minnesota,21,29,21,19,105,222.5,220,240,106.5
1226,542,H,Sacramento,26,22,31,11,104,4,7,-300,5
1226,543,V,Portland,22,30,24,39,115,220,222,190,108.5
1226,544,H,Utah,37,25,34,25,121,6,5.5,-240,pk
1227,545,V,Cleveland,22,25,34,36,117,216,215.5,800,110
1227,546,H,Boston,33,29,30,37,129,13.5,14,-1400,4
1227,547,V,Philadelphia,21,26,21,29,97,4,4,-185,2.5
1227,548,H,Orlando,19,27,25,27,98,209,210,155,107.5
1227,549,V,OklahomaCity,26,27,19,22,104,3,1,-115,101
1227,550,H,Charlotte,18,25,22,29,102,210,208,-105,3
1227,551,V,Milwaukee,32,31,21,28,112,12,7.5,-350,117
1227,552,H,Atlanta,19,21,23,23,86,238,235.5,275,0.5
1227,553,V,Indiana,27,28,27,30,112,211.5,211.5,175,104
1227,554,H,Miami,25,33,26,29,113,4.5,5,-210,3
1227,555,V,Phoenix,29,22,27,18,96,3,3.5,-170,114.5
1227,556,H,GoldenState,25,18,23,39,105,222,225,145,pk
1228,557,V,Memphis,11,28,29,42,110,216.5,218.5,375,112
1228,558,H,Denver,26,24,32,37,119,10,9,-500,2.5
1228,559,V,Indiana,32,13,23,30,98,1,218,105,105.5
1228,560,H,NewOrleans,19,29,38,34,120,219,1.5,-125,0.5
1228,561,V,Toronto,36,23,30,24,113,216.5,216,260,107.5
1228,562,H,Boston,25,29,25,18,97,6.5,7.5,-330,7
1228,563,V,Philadelphia,33,26,20,29,116,213,212.5,100,110
1228,564,H,Miami,28,26,31,23,117,1,1.5,-120,1
1228,565,V,NewYork,33,26,27,21,107,1.5,3,-160,3
1228,566,H,Washington,23,35,20,22,100,230.5,228.5,140,111.5
1228,567,V,Cleveland,27,22,18,27,94,222,217,230,111.5
1228,568,H,Minnesota,21,22,17,28,88,6.5,6.5,-280,5
1228,569,V,Brooklyn,20,34,25,19,98,233,234.5,375,119.5
1228,570,H,Houston,42,21,25,20,108,10,9,-500,2.5
1228,571,V,Atlanta,19,24,22,16,81,219,217,425,0.5
1228,572,H,Chicago,35,29,19,33,116,10.5,9.5,-600,105
1228,573,V,Orlando,25,21,28,26,100,216,216.5,220,106
1228,574,H,Milwaukee,37,19,22,33,111,11,6,-270,pk
1228,575,V,Dallas,41,31,45,24,141,10.5,11,-700,8
1228,576,H,GoldenState,41,33,24,23,121,218,218,500,108
1228,577,V,Detroit,28,27,25,29,109,222.5,222.5,180,108
1228,578,H,SanAntonio,30,29,42,35,136,4.5,5,-220,1.5
1228,579,V,Phoenix,31,28,22,31,112,222.5,217,120,111
1228,580,H,Sacramento,30,19,28,33,110,2,2.5,-140,4.5
1228,581,V,LALakers,34,37,32,25,128,4,5,-240,0.5
1228,582,H,Portland,32,32,31,25,120,223.5,223,190,108.5
1228,583,V,Utah,22,39,32,27,120,220,221.5,280,115
1228,584,H,LAClippers,32,31,29,15,107,9,7.5,-360,4
1229,501,V,OklahomaCity,22,25,29,22,98,212.5,209.5,160,103
1229,502,H,Toronto,20,27,33,17,97,2.5,4.5,-190,3.5
1229,503,V,Houston,37,27,29,19,112,4.5,223.5,180,109
1229,504,H,NewOrleans,36,28,22,41,127,231.5,5,-220,4
1229,505,V,Charlotte,20,26,29,29,104,217.5,219.5,125,1.5
1229,506,H,Memphis,31,25,30,31,117,3,2.5,-145,107
1229,507,V,Sacramento,32,25,24,34,115,207,208,275,101.5
1229,508,H,Denver,31,31,26,32,120,10,7.5,-350,3
1229,509,V,Dallas,19,24,26,26,95,220,224.5,175,0.5
1229,510,H,LALakers,25,29,30,24,108,4.5,5,-210,109.5
1230,511,V,Atlanta,25,22,27,27,101,214,209.5,500,101.5
1230,512,H,Orlando,21,36,15,21,93,11.5,10.5,-700,3.5
1230,513,V,Miami,39,24,18,24,105,9,11,-750,11
1230,514,H,Washington,29,42,19,33,123,227,224.5,525,109.5
1230,515,V,Brooklyn,29,21,30,23,115,1,4.5,-200,3
1230,516,H,Minnesota,27,22,25,29,122,220,216.5,170,111
1230,517,V,Milwaukee,31,24,40,28,123,5.5,8.5,-450,5
1230,518,H,Chicago,20,32,25,25,102,216,220,350,113
1230,519,V,Detroit,21,19,18,23,81,218,217.5,375,106.5
1230,520,H,Utah,19,20,29,36,104,9,9.5,-500,7
1230,521,V,Phoenix,19,36,28,39,122,231,232.5,145,1
1230,522,H,Portland,38,26,25,27,116,4,4,-170,120
1231,523,V,Boston,24,26,30,29,109,6.5,7.5,-400,2.5
1231,524,H,Charlotte,18,25,30,19,92,208.5,210.5,300,108
1231,525,V,Philadelphia,27,16,23,31,97,1,212.5,135,4.5
1231,526,H,Indiana,29,38,29,19,115,211.5,3.5,-155,108
1231,527,V,LAClippers,28,29,31,17,105,7,6.5,-280,107
1231,528,H,Sacramento,23,17,33,14,87,221,220,230,2
1231,529,V,GoldenState,32,23,20,25,113,220,217,525,106.5
1231,530,H,SanAntonio,25,28,24,23,117,9,11,-750,9
1231,531,V,Cleveland,25,18,26,28,97,217,217.5,350,1
1231,532,H,Toronto,27,32,27,31,117,9.5,8,-450,111.5
1231,533,V,Denver,26,26,37,15,104,220,225,230,2.5
1231,534,H,Houston,38,31,23,38,130,2,6.5,-280,109
1231,535,V,Dallas,32,19,27,23,101,1.5,2.5,-145,1
1231,536,H,OklahomaCity,20,30,27,29,106,218,217,125,106
101,537,V,Orlando,31,31,32,28,122,4,3.5,-170,109
101,538,H,Washington,29,29,25,18,101,215.5,222.5,145,pk
101,539,V,Portland,27,21,29,16,93,4,4,-180,4
101,540,H,NewYork,25,26,32,34,117,222,226,150,110
101,541,V,Minnesota,23,28,20,33,104,224,221,1500,108
101,542,H,Milwaukee,19,33,25,29,106,18.5,18,-5000,11.5
101,543,V,Phoenix,17,24,38,28,107,226.5,225.5,525,2
101,544,H,LALakers,43,31,27,16,117,11.5,11,-750,114
102,545,V,Charlotte,31,21,30,27,109,210,212,110,1.5
102,546,H,Cleveland,29,30,26,21,106,2,2,-130,104
102,547,V,Denver,27,35,30,32,124,209.5,1,-115,0.5
102,548,H,Indiana,37,27,24,28,116,1,208,-105,102.5
102,549,V,Toronto,20,19,21,16,76,215,214,180,104
102,550,H,Miami,18,24,21,21,84,6,5.5,-220,2.5
102,551,V,GoldenState,19,22,26,17,84,219,211.5,130,3.5
102,552,H,Minnesota,34,24,23,18,99,4,3,-150,102.5
102,553,V,Utah,25,22,29,26,102,3.5,3.5,-170,2.5
102,554,H,Chicago,22,29,19,28,98,210.5,208,145,107.5
102,555,V,OklahomaCity,27,19,28,35,109,219,216.5,115,1.5
102,556,H,SanAntonio,27,28,21,27,103,1,2.5,-135,106
102,557,V,Brooklyn,30,35,28,18,111,220.5,223,280,114.5
102,558,H,Dallas,31,29,33,30,123,8.5,8,-360,7.5
102,559,V,Memphis,42,18,37,26,123,222.5,224.5,170,115
102,560,H,Sacramento,26,37,27,38,128,3.5,4.5,-200,2
102,561,V,Detroit,33,30,16,33,112,223,223,650,109.5
102,562,H,LAClippers,30,39,37,20,126,13.5,12.5,-1000,6.5
103,563,V,Miami,22,22,35,6,85,1.5,206.5,100,3.5
103,564,H,Orlando,27,29,28,21,105,207.5,1,-120,100.5
103,565,V,Atlanta,32,23,25,26,106,223.5,224.5,450,110.5
103,566,H,Boston,19,34,29,27,109,11.5,10.5,-650,8
103,567,V,Portland,27,39,25,31,122,5.5,7.5,-340,2
103,568,H,Washington,31,27,20,25,103,236,232.5,270,113
103,569,V,Philadelphia,27,26,31,24,108,224,227.5,160,116
103,570,H,Houston,20,40,36,22,118,4,4.5,-190,pk
103,571,V,NewYork,37,24,26,25,112,224,224.5,240,109
103,572,H,Phoenix,29,22,32,37,120,5.5,7,-300,6
103,573,V,NewOrleans,30,32,21,30,113,221,225.5,425,111.5
103,574,H,LALakers,42,32,31,18,123,11,10,-600,2
104,501,V,Memphis,40,25,39,36,140,230.5,231,450,121
104,502,H,LAClippers,27,30,23,34,114,11,10,-650,10.5
104,503,V,Toronto,24,24,35,38,121,216,216.5,110,0.5
104,504,H,Brooklyn,33,19,28,22,102,1,2,-130,106
104,505,V,Utah,33,19,24,33,109,3.5,4,-170,0.5
104,506,H,Orlando,25,22,28,21,96,207.5,206.5,145,106
104,507,V,OklahomaCity,34,32,25,30,121,6,6.5,-300,104
104,508,H,Cleveland,27,26,26,27,106,212.5,214,240,0.5
104,509,V,Indiana,26,34,35,16,111,6,7,-320,6
104,510,H,Atlanta,43,21,32,20,116,222,220.5,255,108.5
104,511,V,Boston,30,25,30,26,111,1.5,208,-105,107.5
104,512,H,Chicago,28,24,21,31,104,209.5,1,-115,pk
104,513,V,Denver,19,36,35,24,114,11.5,13,-1000,11.5
104,514,H,Washington,31,30,34,33,128,223.5,221,650,108.5
104,515,V,Charlotte,32,25,23,23,123,216,217.5,550,107
104,516,H,Dallas,20,24,40,19,120,12,11.5,-800,10.5
104,517,V,SanAntonio,31,35,25,27,118,228.5,228,600,117.5
104,518,H,Milwaukee,29,42,32,24,127,12,12,-900,5.5
104,519,V,Detroit,25,31,27,28,111,3.5,3,-150,2
104,520,H,GoldenState,23,36,21,24,104,215.5,213.5,130,104
104,521,V,NewOrleans,25,27,24,41,117,223.5,225.5,120,109.5
104,522,H,Sacramento,26,22,32,35,115,2,2.5,-140,2
105,523,V,NewYork,45,24,31,32,132,222.5,221,400,109
105,524,H,LAClippers,29,47,38,21,135,9,9.5,-550,4
105,525,V,Portland,19,27,35,30,111,221,215.5,185,2.5
105,526,H,Miami,31,34,29,28,122,6,5,-230,104.5
105,527,V,Minnesota,24,42,28,24,118,3,6,-260,107
105,528,H,Cleveland,20,28,31,24,103,215.5,217.5,210,2.5
105,529,V,Memphis,27,35,34,25,121,232,236,240,121.5
105,530,H,Phoenix,31,26,20,37,114,6,7,-300,6.5
105,531,V,Detroit,22,25,32,20,99,221,220,1000,107.5
105,532,H,LALakers,23,33,19,31,106,15,14.5,-2000,5.5
106,533,V,Brooklyn,22,17,32,18,89,211,212.5,180,1.5
106,534,H,Orlando,20,32,23,26,101,4.5,5,-220,108.5
106,535,V,Indiana,27,15,37,36,115,5,6.5,-265,5.5
106,536,H,Charlotte,29,15,21,39,104,209.5,209,215,103
106,537,V,Boston,17,23,32,22,94,8,8.5,-440,9.5
106,538,H,Washington,26,25,23,25,99,226.5,225,340,115
106,539,V,OklahomaCity,31,21,34,27,113,213,210.5,270,102
106,540,H,Philadelphia,31,31,28,30,120,6,8,-340,1
106,541,V,Denver,29,35,27,32,123,8.5,7.5,-330,1.5
106,542,H,Atlanta,31,25,30,29,115,220,224,260,108.5
106,543,V,Utah,35,33,27,33,128,2,4,-180,1.5
106,544,H,NewOrleans,36,28,33,29,126,223,221,150,114.5
106,545,V,Milwaukee,22,30,29,23,104,7.5,8,-400,10
106,546,H,SanAntonio,27,38,26,35,126,229.5,228.5,300,118
106,547,V,Chicago,27,28,27,28,110,217.5,217.5,300,106.5
106,548,H,Dallas,33,28,27,30,118,9.5,8,-400,3
106,549,V,GoldenState,19,21,24,34,98,211,213,425,104
106,550,H,Sacramento,26,26,38,21,111,9,10,-600,2.5
107,551,V,Detroit,27,27,30,31,115,3,3.5,-170,6
107,552,H,Cleveland,29,38,28,18,113,215,219.5,145,107.5
107,553,V,Portland,15,31,23,32,101,220,221,120,2.5
107,554,H,Toronto,24,32,22,21,99,2,2.5,-140,107
107,555,V,OklahomaCity,27,22,25,27,111,2,217,100,105.5
107,556,H,Brooklyn,23,25,29,24,103,217,1,-120,pk
107,557,V,Minnesota,32,24,28,28,112,228,228.5,160,111.5
107,558,H,Memphis,27,24,31,37,119,2.5,4.5,-190,3.5
107,559,V,Sacramento,26,27,25,36,114,226.5,226,230,110
107,560,H,Phoenix,29,24,34,16,103,4.5,6.5,-280,4.5
107,561,V,NewYork,21,24,25,17,87,220.5,222.5,900,107.5
107,562,H,LALakers,26,36,23,32,117,14,13.5,-1600,2.5
108,563,V,Toronto,29,31,22,18,112,4,2.5,-140,102
108,564,H,Charlotte,31,24,26,19,110,209,207,120,pk
108,565,V,Miami,31,31,38,22,122,211,210,105,102
108,566,H,Indiana,23,26,23,36,108,1,1.5,-125,4.5
108,567,V,Washington,23,29,20,17,89,219.5,218.5,375,105.5
108,568,H,Orlando,32,37,28,26,123,10.5,9.5,-500,0.5
108,569,V,SanAntonio,34,31,34,30,129,219.5,220.5,250,113.5
108,570,H,Boston,22,25,36,31,114,5.5,7,-310,8.5
108,571,V,Denver,27,29,30,21,107,218,221.5,155,108.5
108,572,H,Dallas,32,27,30,17,106,1.5,4,-185,1.5
108,573,V,Houston,45,32,22,23,122,8,8,-360,114.5
108,574,H,Atlanta,29,33,23,30,115,235,237,280,pk
108,575,V,Chicago,21,27,27,33,108,222,225,140,109
108,576,H,NewOrleans,23,25,44,31,123,3.5,3,-160,2
108,577,V,NewYork,29,24,16,35,104,218,213.5,850,104
108,578,H,Utah,39,33,23,33,128,12.5,14,-1500,2
108,579,V,Milwaukee,19,28,34,26,107,13.5,13.5,-1500,6
108,580,H,GoldenState,19,20,33,26,98,219,217.5,850,111.5
109,501,V,Cleveland,26,24,31,21,115,221,221,235,113
109,502,H,Detroit,32,29,22,19,112,7,7,-290,2
109,503,V,Boston,35,20,25,18,98,214,218,-110,112
109,504,H,Philadelphia,26,22,29,32,109,2.5,PK,-110,2
109,505,V,Portland,34,13,27,28,102,224,224,-110,4
109,506,H,Minnesota,28,31,41,16,116,2.5,pk,-110,110
109,507,V,Houston,21,27,19,25,92,3,3.5,-170,6
109,508,H,OklahomaCity,37,23,29,24,113,227,227.5,145,110.5
110,509,V,Atlanta,21,30,28,22,101,237.5,1,-115,2
110,510,H,Washington,30,26,25,30,111,pk,239,-105,115.5
110,511,V,Miami,42,27,20,24,113,3.5,4,-185,106
110,512,H,Brooklyn,32,25,32,28,117,217,217.5,155,1
110,513,V,SanAntonio,32,25,41,23,121,1,231,-110,1.5
110,514,H,Memphis,37,26,37,34,134,234,pk,-110,118
110,515,V,NewOrleans,33,34,28,28,123,4,4,-180,1
110,516,H,NewYork,31,30,25,25,111,225.5,226,150,111
110,517,V,Indiana,29,25,25,37,116,3.5,213,-105,103.5
110,518,H,Chicago,27,19,26,33,105,212.5,1,-115,3
110,519,V,LALakers,45,34,20,30,129,222,223,115,108
110,520,H,Dallas,27,31,28,28,114,1.5,2.5,-135,7.5
110,521,V,Charlotte,13,25,24,30,92,212.5,210.5,600,100.5
110,522,H,Utah,29,32,26,22,109,13,12,-900,0.5
110,523,V,Orlando,25,23,27,19,94,1,217.5,145,1
110,524,H,Phoenix,27,31,19,21,98,217,4,-170,106.5
110,525,V,Milwaukee,34,19,37,37,127,8,9.5,-500,3
110,526,H,Sacramento,18,26,31,31,106,223,224,375,113.5
110,527,V,GoldenState,20,33,30,17,100,221.5,218,850,107.5
110,528,H,LAClippers,22,26,25,36,109,15,14.5,-1500,11
111,529,V,Minnesota,20,21,35,33,109,230,232,400,112.5
111,530,H,Houston,22,35,45,37,139,11,10,-550,0.5
111,531,V,NewOrleans,24,33,25,23,105,225,223.5,550,109.5
111,532,H,Boston,41,31,42,26,140,9,11.5,-800,2.5
111,533,V,Chicago,35,26,20,27,108,217,215.5,145,105
111,534,H,Detroit,20,29,22,28,99,3.5,4,-170,5
111,535,V,LALakers,41,32,29,23,125,1,213.5,300,104.5
111,536,H,OklahomaCity,19,30,33,28,110,215,8.5,-400,11
111,537,V,Philadelphia,22,28,16,25,91,223.5,222,130,113.5
111,538,H,Dallas,20,21,32,36,109,2,2.5,-150,4
111,539,V,Cleveland,23,28,34,26,111,215,216.5,650,111.5
111,540,H,Denver,18,24,29,32,103,13,12.5,-1000,12.5
111,541,V,Milwaukee,32,32,33,25,122,5.5,7.5,-350,1.5
111,542,H,Portland,24,31,25,21,101,227.5,232,275,118.5
112,543,V,Miami,31,29,34,27,121,8,7.5,-340,3
112,544,H,NewYork,27,28,29,40,124,218,217,274,106
112,545,V,Utah,23,32,38,34,127,9,6,-380,6.5
112,546,H,Washington,34,32,25,25,116,223,224,303,115
112,547,V,Atlanta,16,30,20,20,86,231,225.5,192,1
112,548,H,Brooklyn,37,33,22,16,108,5.5,9,-230,109
112,549,V,GoldenState,26,33,17,26,102,224,225,215,111
112,550,H,Memphis,27,33,35,27,122,6.5,6.5,-260,4
112,551,V,SanAntonio,21,22,26,36,105,221,220,140,112.5
112,552,H,Toronto,28,23,31,22,104,4,5,-160,pk
112,553,V,LAClippers,30,22,22,30,104,221,221.5,-105,3.5
112,554,H,Denver,29,37,23,25,114,1,PK,-115,108
112,555,V,Charlotte,24,21,26,21,92,219.5,217,281,106.5
112,556,H,Phoenix,18,28,25,29,100,8,8.5,-350,5.5
113,557,V,Philadelphia,23,26,20,26,95,213,214.5,110,109
113,558,H,Indiana,22,18,29,32,101,2,3.5,-130,4.5
113,559,V,NewOrleans,32,31,26,13,117,227.5,221.5,-112,108
113,560,H,Detroit,23,29,25,25,110,1,5,-108,5.5
113,561,V,Chicago,14,23,34,30,101,215.5,216.5,384,104.5
113,562,H,Boston,28,27,28,30,113,9.5,9.5,-500,pk
113,563,V,OklahomaCity,30,33,29,25,117,2.5,2.5,-140,0.5
113,564,H,Minnesota,33,27,19,25,104,219,218,120,107
113,565,V,Charlotte,26,20,43,23,112,218,215.5,400,105
113,566,H,Portland,25,37,29,24,115,9.5,9.5,-525,pk
113,567,V,Orlando,33,32,21,28,114,1,1,117,104.5
113,568,H,Sacramento,25,27,33,27,112,209,212,-137,4
113,569,V,Cleveland,27,21,22,29,99,219.5,222,876,112.5
113,570,H,LALakers,21,26,37,44,128,14,14,-1500,9.5
114,571,V,Phoenix,25,26,32,27,110,5,1.5,-200,2
114,572,H,Atlanta,28,28,28,39,123,225,230.5,170,117.5
114,573,V,Utah,30,29,29,30,118,3,3,-135,114
114,574,H,Brooklyn,26,19,29,33,107,218,222.5,115,3
114,575,V,Houston,37,24,22,27,110,5,4.5,-180,5
114,576,H,Memphis,32,35,18,36,121,238,240.5,155,118
114,577,V,NewYork,23,17,36,26,102,227,229,1150,111
114,578,H,Milwaukee,29,36,43,20,128,16,16.5,-2400,3
114,579,V,Cleveland,26,24,21,32,103,223,224,912,114
114,580,H,LAClippers,31,35,40,22,128,15,16,-1600,4.5
114,581,V,Dallas,36,29,29,30,124,8,8,-340,109
114,582,H,GoldenState,26,21,24,26,97,223,223.5,274,0.5
115,501,V,Brooklyn,28,29,33,16,106,218,221.5,263,114.5
115,502,H,Philadelphia,25,29,32,31,117,7.5,6.5,-325,5.5
115,503,V,Detroit,27,30,34,25,116,218,218,384,107.5
115,504,H,Boston,24,35,23,21,103,10,9,-500,6
115,505,V,SanAntonio,17,34,26,23,100,222,219.5,192,113.5
115,506,H,Miami,24,27,24,31,106,5.5,5,-230,3.5
115,507,V,Indiana,24,30,22,28,104,2,4.5,-132,3.5
115,508,H,Minnesota,30,29,18,22,99,218.5,218,112,107.5
115,509,V,Toronto,38,35,24,33,130,213.5,212.5,110,103.5
115,510,H,OklahomaCity,25,30,28,38,121,2,1.5,-130,5.5
115,511,V,Washington,26,34,20,26,106,227,228.5,151,112.5
115,512,H,Chicago,24,31,30,30,115,4,4,-175,4
115,513,V,Charlotte,25,17,27,17,86,210.5,209.5,711,102
115,514,H,Denver,28,29,17,26,100,13,11.5,-1100,1
115,515,V,Portland,28,32,30,27,117,236,236.5,303,115.5
115,516,H,Houston,26,21,30,30,107,9.5,8.5,-380,9
115,517,V,Dallas,35,36,37,19,127,3,4,-165,1.5
115,518,H,Sacramento,31,36,26,30,123,224,225.5,144,111
115,519,V,Orlando,35,30,24,30,119,211.5,209.5,459,104.5
115,520,H,LALakers,29,29,30,30,118,9.5,10,-620,10
116,521,V,Phoenix,25,33,32,31,121,3.5,2.5,-135,116.5
116,522,H,NewYork,32,20,27,19,98,225,226.5,115,1
116,523,V,Boston,20,38,29,36,123,223,227.5,500,116.5
116,524,H,Milwaukee,36,40,30,22,128,9.5,11,-700,1
116,525,V,Utah,28,21,42,31,132,5,5.5,-230,5
116,526,H,NewOrleans,25,31,31,35,138,225.5,225,185,115
116,527,V,Orlando,26,22,28,19,95,217.5,217,425,105.5
116,528,H,LAClippers,34,33,24,31,122,11.5,10,-600,pk
116,529,V,Denver,19,26,28,40,134,5.5,3.5,-170,6.5
116,530,H,GoldenState,34,28,23,28,131,211.5,213,145,104.5
117,531,V,Chicago,24,23,24,18,89,216.5,213.5,285,105
117,532,H,Philadelphia,21,25,35,19,100,7.5,7.5,-370,6.5
117,533,V,Washington,26,25,25,35,111,229,231,425,111.5
117,534,H,Toronto,38,27,35,40,140,9.5,10.5,-600,1.5
117,535,V,Minnesota,26,35,32,21,114,216.5,218,230,106.5
117,536,H,Indiana,32,35,32,17,116,8.5,6.5,-280,1.5
117,537,V,Miami,40,21,31,23,115,214.5,1,-115,105
117,538,H,OklahomaCity,26,21,31,30,108,1,216.5,-105,4
117,539,V,Cleveland,25,31,20,33,109,229,229.5,340,118
117,540,H,Memphis,27,27,38,21,113,8,9,-440,7
117,541,V,Atlanta,29,38,21,33,121,229.5,231,350,113.5
117,542,H,SanAntonio,27,31,41,21,120,8.5,9,-450,8
117,543,V,Portland,37,26,26,23,112,228.5,228.5,280,112.5
117,544,H,Dallas,38,34,26,22,120,7,7.5,-360,1.5
118,545,V,LAClippers,33,39,30,31,133,5.5,5.5,-240,6
118,546,H,NewOrleans,35,45,30,20,130,233,235.5,190,116.5
118,547,V,Milwaukee,30,27,36,24,117,8,11,-650,1
118,548,H,Brooklyn,22,20,29,26,97,231.5,235.5,450,121
118,549,V,Phoenix,26,34,27,36,123,226,220.5,170,112.5
118,550,H,Boston,20,31,25,43,119,6.5,4.5,-200,4.5
118,551,V,Detroit,36,35,32,33,136,2,1,-120,110
118,552,H,Atlanta,29,26,21,27,103,227,227.5,100,3.5
118,553,V,Philadelphia,28,24,18,20,90,4.5,4,-180,1.5
118,554,H,NewYork,25,21,23,18,87,221,218.5,150,107
118,555,V,Toronto,32,26,31,33,122,4.5,4,-185,5
118,556,H,Minnesota,39,23,22,28,112,221,224.5,155,109.5
118,557,V,Cleveland,33,40,29,14,116,215,215,275,111
118,558,H,Chicago,31,25,31,31,118,6.5,7.5,-350,8.5
118,559,V,LALakers,27,32,32,33,124,232,235,140,114
118,560,H,Houston,34,31,17,33,115,2.5,3.5,-160,pk
118,561,V,Orlando,25,27,19,24,95,4.5,6,-250,4.5
118,562,H,GoldenState,28,25,29,27,109,211,214,200,105.5
118,563,V,Portland,24,33,20,29,106,221,216,220,106.5
118,564,H,OklahomaCity,32,32,23,32,119,4,6.5,-270,1.5
118,565,V,Sacramento,22,27,28,24,101,221,223,350,109
118,566,H,Utah,38,25,32,28,123,9.5,9,-450,0.5
119,567,V,Miami,31,23,30,18,102,1,1.5,-120,2
119,568,H,SanAntonio,28,32,26,21,107,221,222.5,100,109.5
119,569,V,Indiana,15,29,30,41,115,211.5,1,-115,2
119,570,H,Denver,21,29,31,26,107,2,213.5,-105,104
120,501,V,Detroit,35,23,23,19,100,233,232,-110,0.5
120,502,H,Washington,30,30,23,23,106,1,pk,-110,113.5
120,503,V,Toronto,36,21,26,39,122,8,9,-450,7.5
120,504,H,Atlanta,25,35,22,35,117,231,231,350,113.5
120,505,V,Philadelphia,29,35,26,27,117,2.5,2.5,-140,2.5
120,506,H,Brooklyn,32,36,23,20,111,217.5,218.5,120,107.5
120,507,V,Sacramento,24,34,20,27,113,224,221,135,107.5
120,508,H,Miami,21,35,20,29,118,6,3.5,-155,3.5
120,509,V,Chicago,23,29,25,21,98,225.5,225.5,1100,110
120,510,H,Milwaukee,30,23,31,27,111,14.5,15.5,-2500,9
120,511,V,NewYork,26,23,30,27,106,222,1.5,-120,1.5
120,512,H,Cleveland,26,24,14,22,86,pk,222,100,108
120,513,V,Orlando,19,32,21,34,106,4.5,3.5,-160,0.5
120,514,H,Charlotte,27,18,20,18,83,207,206.5,140,101
120,515,V,NewOrleans,31,38,29,28,126,238.5,242,140,118.5
120,516,H,Memphis,30,20,27,39,116,1.5,3.5,-160,7
120,517,V,OklahomaCity,22,35,14,41,112,229,230.5,250,112
120,518,H,Houston,25,39,23,20,107,7.5,7.5,-310,2
120,519,V,LALakers,30,25,25,27,107,2,3,-160,6.5
120,520,H,Boston,33,36,35,35,139,223.5,226.5,140,111
120,521,V,Denver,26,29,26,26,107,218,221,140,108
120,522,H,Minnesota,29,25,25,21,100,2.5,3.5,-160,3
120,523,V,Indiana,23,21,19,25,88,217,215.5,300,105.5
120,524,H,Utah,29,27,24,38,118,7,8,-400,0.5
120,525,V,SanAntonio,28,38,30,24,120,228,230,160,117.5
120,526,H,Phoenix,26,25,32,35,118,3.5,4.5,-190,7
120,527,V,GoldenState,23,34,35,21,124,218,222,260,109
120,528,H,Portland,27,26,34,26,129,6.5,7.5,-330,7
121,529,V,LAClippers,24,36,22,28,110,230.5,231.5,120,114
121,530,H,Dallas,24,25,29,29,107,1.5,2.5,-140,5
122,531,V,Sacramento,27,23,25,31,106,222,2,-125,3
122,532,H,Detroit,26,31,36,34,127,1,222,105,108.5
122,533,V,OklahomaCity,24,36,32,28,120,209,210,120,103
122,534,H,Orlando,21,30,38,25,114,pk,2.5,-140,4
122,535,V,Washington,27,23,33,35,129,227.5,229,425,111.5
122,536,H,Miami,30,39,21,28,134,10,10,-600,1
122,537,V,LALakers,28,20,28,24,100,10,11.5,-750,8
122,538,H,NewYork,25,23,22,22,92,225,224,525,108.5
122,539,V,Philadelphia,35,15,22,23,95,217,216,200,105.5
122,540,H,Toronto,26,24,26,31,107,5.5,6,-250,4.5
122,541,V,LAClippers,32,28,15,20,95,5,4.5,-200,110.5
122,542,H,Atlanta,16,25,28,33,102,231.5,228,170,2.5
122,543,V,Memphis,27,17,19,32,95,233,232.5,230,0.5
122,544,H,Boston,25,33,41,20,119,7.5,7,-280,118
122,545,V,SanAntonio,31,29,34,27,121,236,236.5,140,121
122,546,H,NewOrleans,24,27,31,35,117,4,3.5,-160,4.5
122,547,V,Denver,28,15,28,34,105,228.5,227,400,110
122,548,H,Houston,35,25,32,29,121,8.5,10,-550,1
122,549,V,Minnesota,26,26,27,31,110,1,219.5,-110,1.5
122,550,H,Chicago,35,24,22,36,117,219,pk,-110,106.5
122,551,V,Indiana,30,24,29,29,112,1,1,-115,108.5
122,552,H,Phoenix,24,24,17,22,87,222.5,221.5,-105,1
122,553,V,Utah,31,34,35,29,129,8.5,9,-450,112.5
122,554,H,GoldenState,17,26,26,27,96,216,220.5,350,0.5
123,555,V,Washington,29,39,32,24,124,232.5,231,120,113
123,556,H,Cleveland,24,37,25,26,112,1,2.5,-140,2.5
123,557,V,LALakers,38,37,29,24,128,6,5.5,-250,2
123,558,H,Brooklyn,35,35,24,19,113,229,232.5,200,115.5
123,559,V,Dallas,45,33,25,30,133,4.5,5.5,-230,110.5
123,560,H,Portland,37,26,27,35,125,229,227,185,2
124,561,V,Milwaukee,24,26,28,38,116,13.5,14.5,-1400,11.5
124,562,H,Charlotte,31,24,23,25,103,219,219.5,800,114
124,563,V,Boston,24,29,29,27,109,212,213,130,110
124,564,H,Orlando,30,27,20,21,98,pk,3,-150,0.5
124,565,V,Memphis,35,31,26,33,125,229,1.5,-125,118.5
124,566,H,Detroit,23,38,24,27,112,1.5,231.5,105,0.5
124,567,V,Toronto,20,36,29,33,118,7.5,8.5,-425,5.5
124,568,H,NewYork,28,25,26,33,112,215.5,217.5,325,106
124,569,V,Sacramento,29,25,21,23,98,221,217.5,110,105.5
124,570,H,Chicago,21,23,25,12,81,1,1.5,-130,3.5
124,571,V,LAClippers,22,41,38,21,122,4,2,-135,1.5
124,572,H,Miami,30,35,20,32,117,221.5,218.5,115,108.5
124,573,V,Houston,36,27,31,37,131,5.5,5.5,-250,3.5
124,574,H,Minnesota,26,34,24,40,124,234.5,235,200,114
124,575,V,Denver,37,26,31,19,113,231,229.5,150,111.5
124,576,H,NewOrleans,28,28,26,24,106,3,4,-180,4
124,577,V,Atlanta,30,28,32,21,111,224.5,231,300,112.5
124,578,H,OklahomaCity,33,33,38,36,140,11.5,8,-400,1.5
124,579,V,Phoenix,22,34,22,25,103,229,225.5,170,116
124,580,H,SanAntonio,28,16,28,27,99,4,4.5,-200,6
124,581,V,Indiana,35,32,31,31,129,6.5,6.5,-270,107
124,582,H,GoldenState,30,21,35,32,118,216,216,220,1
125,501,V,Dallas,36,22,26,23,107,226,226.5,175,111.5
125,502,H,Utah,25,30,25,32,112,2.5,5,-210,5
125,503,V,Brooklyn,26,24,30,26,121,1,2.5,-140,4.5
125,504,H,Detroit,25,35,17,29,111,226,229,120,117
125,505,V,Chicago,25,34,40,19,118,1,210.5,-105,104.5
125,506,H,Cleveland,31,26,19,30,106,217,1,-115,pk
125,507,V,OklahomaCity,28,24,39,22,113,2,226,105,109.5
125,508,H,Minnesota,22,26,24,32,104,226.5,1.5,-125,2
125,509,V,LALakers,25,25,23,18,91,4.5,5,-230,6
125,510,H,Philadelphia,35,24,26,23,108,217,217.5,185,107
126,511,V,Houston,36,23,30,21,110,226.5,225.5,120,109.5
126,512,H,Denver,27,30,33,27,117,pk,2.5,-140,3
126,513,V,Toronto,37,26,23,24,110,2.5,3.5,-170,108.5
126,514,H,SanAntonio,21,30,34,21,106,223,220,145,2
126,515,V,Boston,20,22,39,27,108,230.5,233,105,5
126,516,H,NewOrleans,32,30,29,32,123,pk,1.5,-125,119
126,517,V,Phoenix,18,27,33,31,109,236,229.5,115,2
126,518,H,Memphis,30,26,25,33,114,2,2,-135,117.5
126,519,V,LAClippers,26,28,31,27,112,4.5,3,-155,1.5
126,520,H,Orlando,28,24,20,25,97,217.5,217.5,135,107
126,521,V,Brooklyn,28,24,24,21,97,1,219.5,120,111
126,522,H,NewYork,30,25,30,25,110,221.5,2.5,-140,0.5
126,523,V,Washington,33,39,30,31,133,240,241.5,-105,1.5
126,524,H,Atlanta,31,47,41,33,152,1.5,1,-115,119
126,525,V,Indiana,27,29,37,36,129,220.5,221,130,1.5
126,526,H,Portland,36,30,40,33,139,1,3,-150,109.5